keys,en,mi,es,de,ru,ja,ar,hi
     Idle:,     Idle:,     Idle:,     Idle:,     Leerlauf:,     Простой:,     待機:,     خامل:,     निष्क्रिय:
    Count-In:,    Count-In:,    Count-In:,    Count-In:,    Einzählen:,    Отсчёт:,    カウントイン:,    العدّ:,    काउंट-इन:
    Go:,    Go:,    Go:,    Go:,    Go:,    Go:,    GO:,    تشغيل:,    गो:
    Standby:,    Standby:,    Standby:,    Standby:,    Bereit:,    Готовность:,    スタンバイ:,    استعداد:,    स्टैंडबाय:
!!! Missing Layer,!!! Missing Layer,!!! Kāore te paparanga,!!! Falta la capa,!!! Ebene fehlt,!!! Слой отсутствует,!!! レイヤーがありません,!!! الطبقة مفقودة,!!! परत अनुपलब्ध
!!! Missing output: {0},!!! Missing output: {0},!!! Kāore te putanga: {0},!!! Falta la salida: {0},!!! Ausgabe fehlt: {0},!!! Нет выхода: {0},!!! 出力がありません: {0},!!! المخرج مفقود: {0},!!! आउटपुट गायब: {0}
!!! Missing patch: {0},!!! Missing patch: {0},!!! Kāore te pātene: {0},!!! Falta el parche: {0},!!! Patch fehlt: {0},!!! Нет патча: {0},!!! パッチがありません: {0},!!! التصحيح مفقود: {0},!!! पैच गायब: {0}
"""{0}"" is used by 1 cue.
Choose what to do with that cue before deleting.","""{0}"" is used by 1 cue.
Choose what to do with that cue before deleting.","E whakamahia ana a ""{0}"" e te tohu 1.
Kōwhiria he aha mā tēnā tohu i mua i te mukunga.","""{0}"" lo usa 1 cue.
Elige qué hacer con esa cue antes de eliminar.","„{0}“ wird von 1 Cue verwendet.
Legen Sie fest, was mit diesem Cue geschehen soll, bevor Sie löschen.","«{0}» используется 1 репликой.
Выберите, что сделать с этой репликой перед удалением.","「{0}」は 1 件のキューで使用されています。
削除する前に、そのキューの扱いを選んでください。","يُستخدم «{0}» في إشارة واحدة.
اختر ما يجب فعله بتلك الإشارة قبل الحذف.","""{0}"" एक क्यू द्वारा उपयोग होता है।
हटाने से पहले उस क्यू का क्या करना है चुनें।"
"""{0}"" is used by {1} cues.
Choose what to do with those cues before deleting.","""{0}"" is used by {1} cues.
Choose what to do with those cues before deleting.","E whakamahia ana a ""{0}"" e ngā tohu {1}.
Kōwhiria he aha mā aua tohu i mua i te mukunga.","""{0}"" lo usan {1} cues.
Elige qué hacer con esas cues antes de eliminar.","„{0}“ wird von {1} Cues verwendet.
Legen Sie fest, was mit diesen Cues geschehen soll, bevor Sie löschen.","«{0}» используется {1} репликами.
Выберите, что сделать с этими репликами перед удалением.","「{0}」は {1} 件のキューで使用されています。
削除する前に、それらのキューの扱いを選んでください。","يُستخدم «{0}» في {1} إشارات.
اختر ما يجب فعله بتلك الإشارات قبل الحذف.","""{0}"" {1} क्यू द्वारा उपयोग होता है।
हटाने से पहले उन क्यू का क्या करना है चुनें।"
"""{0}"" was saved with a different version of Cue2.","""{0}"" was saved with a different version of Cue2.","I tiakina a ""{0}"" ki tētahi putanga kē o Cue2.","""{0}"" se guardó con otra versión de Cue2.",„{0}“ wurde mit einer anderen Cue2-Version gespeichert.,«{0}» сохранён в другой версии Cue2.,「{0}」は別の Cue2 バージョンで保存されています。,حُفظ «{0}» بإصدار مختلف من Cue2.,"""{0}"" Cue2 के किसी अन्य संस्करण से सहेजा गया था।"
#1,#1,#1,#1,#1,#1,#1,#1,#1
'{0}' already exists. Overwrite?,'{0}' already exists. Overwrite?,Kei te noho kē a '{0}'. Tuhituhi anō?,'{0}' ya existe. ¿Sobrescribir?,„{0}“ existiert bereits. Überschreiben?,«{0}» уже существует. Перезаписать?,「{0}」は既にあります。上書きしますか？,«{0}» موجود بالفعل. هل تريد الاستبدال؟,'{0}' पहले से मौजूद है। अधिलेखित करें?
(no connections),(no connections),(kāore he hononga),(sin conexiones),(keine Verbindungen),(нет подключений),(接続なし),(لا اتصالات),(कोई कनेक्शन नहीं)
(no device),(no device),(kāore he pūrere),(sin dispositivo),(kein Gerät),(нет устройства),(デバイスなし),(لا جهاز),(कोई डिवाइस नहीं)
(none),(none),(kāore),(ninguno),(keine),(нет),(なし),(لا شيء),(कोई नहीं)
(Pre-wait),(Pre-wait),(Tataritanga-mua),(Preespera),(Vorwartezeit),(Предварительная пауза),(プリウェイト),(انتظار مسبق),(प्री-वेट)
(Pre-Wait),(Pre-Wait),(Tataritanga-mua),(Preespera),(Vorwartezeit),(Предварительная пауза),(プリウェイト),(انتظار مسبق),(प्री-वेट)
(unnamed),(unnamed),(kore ingoa),(sin nombre),(unbenannt),(без имени),(無名),(بدون اسم),(बिना नाम)
+ Layer,+ Layer,+ Paparanga,+ Capa,+ Ebene,+ Слой,+ レイヤー,+ طبقة,+ परत
+ Screen,+ Screen,+ Mata,+ Pantalla,+ Bildschirm,+ Экран,+ スクリーン,+ شاشة,+ स्क्रीन
+ Text,+ Text,+ Kupu,+ Texto,+ Text,+ Текст,+ テキスト,+ نص,+ पाठ
-90.0dB,-90.0dB,-90.0dB,-90.0dB,-90.0dB,-90.0dB,-90.0dB,-90.0dB,-90.0dB
/command/path,/command/path,/command/path,/command/path,/command/path,/command/path,/command/path,/command/path,/command/path
/command/path or /jump 2,/command/path or /jump 2,/command/path or /jump 2,/command/path or /jump 2,/command/path or /jump 2,/command/path or /jump 2,/command/path or /jump 2,/command/path or /jump 2,/command/path or /jump 2
/path,/path,/path,/path,/path,/path,/path,/path,/path
/test/path,/test/path,/test/path,/test/path,/test/path,/test/path,/test/path,/test/path,/test/path
/test/path or /jump 2,/test/path or /jump 2,/test/path or /jump 2,/test/path or /jump 2,/test/path or /jump 2,/test/path or /jump 2,/test/path or /jump 2,/test/path or /jump 2,/test/path or /jump 2
0 (instant),0 (instant),0 (tonu),0 (instantáneo),0 (sofort),0 (мгновенно),0（即時）,0 (فوري),0 (तुरंत)
0 (no fade-in),0 (no fade-in),0 (kāore he memeha-mai),0 (sin fundido de entrada),0 (kein Einblenden),0 (без нарастания),0（フェードインなし）,0 (بدون تدرج دخول),0 (कोई फ़ेड-इन नहीं)
0 = hold,0 = hold,0 = pupuri,0 = mantener,0 = halten,0 = удерживать,0 = 保持,0 = تثبيت,0 = रोकें
0 = instant. Second Stop cuts immediately.,0 = instant. Second Stop cuts immediately.,0 = tonu. Ka tapahia wawe e te Tū tuarua.,0 = instantáneo. El segundo Stop corta de inmediato.,0 = sofort. Zweites Stoppen schneidet sofort ab.,0 = мгновенно. Второй Stop обрывает сразу.,0 = 即時。2 回目のストップはすぐに切断します。,0 = فوري. الإيقاف الثاني يقطع مباشرة.,0 = तुरंत। दूसरी स्टॉप तुरंत काटती है।
0 = off. Blocks a second GO after each GO.,0 = off. Blocks a second GO after each GO.,0 = weto. Ka aukati i tētahi GO tuarua i muri i ia GO.,0 = off. Bloquea un segundo GO tras cada GO.,0 = aus. Blockiert ein zweites GO nach jedem GO.,0 = выкл. Блокирует повторный GO после каждого GO.,0 = オフ。各 GO の後、次の GO をブロックします。,0 = إيقاف. يمنع GO ثانياً بعد كل GO.,0 = बंद। प्रत्येक GO के बाद दूसरा GO रोकता है।
0 = stay active until stopped. Enter a time to auto-end.,0 = stay active until stopped. Enter a time to auto-end.,0 = hohe kia tū rā anō. Tāuruhia he wā kia mutu aunoa.,0 = sigue activo hasta detener. Introduce un tiempo para terminar solo.,"0 = aktiv bleiben, bis gestoppt. Zeit eingeben zum automatischen Ende.","0 = держать, пока не остановят. Введите время автозавершения.",0 = 停止するまで継続。自動終了する場合は時間を入力。,0 = يبقى نشطاً حتى الإيقاف. أدخل وقتاً للإنهاء التلقائي.,0 = रोकने तक सक्रिय। स्वतः समाप्त करने के लिए समय दर्ज करें।
0 total cues,0 total cues,0 tohu katoa,0 cues en total,0 Cues insgesamt,0 реплик всего,キュー合計 0,0 إشارات إجمالاً,कुल 0 क्यू
0.0dB,0.0dB,0.0dB,0.0dB,0.0dB,0.0dB,0.0dB,0.0dB,0.0dB
00m:00s.000ms,00m:00s.000ms,00m:00s.000ms,00m:00s.000ms,00m:00s.000ms,00m:00s.000ms,00m:00s.000ms,00m:00s.000ms,00m:00s.000ms
0dB,0dB,0dB,0dB,0dB,0dB,0dB,0dB,0dB
1 cue in the show,1 cue in the show,1 tohu i te whakaaturanga,1 cue en el show,1 Cue in der Show,1 реплика в шоу,ショー内のキュー 1 件,إشارة واحدة في العرض,शो में 1 क्यू
1 File Dropped,1 File Dropped,1 kōnae i tukuna,1 archivo soltado,1 Datei abgelegt,Сброшен 1 файл,1 ファイルをドロップ,تم إسقاط ملف واحد,1 फ़ाइल ड्रॉप हुई
[Missing OSC] {0},[Missing OSC] {0},[Kāore he OSC] {0},[Falta OSC] {0},[OSC fehlt] {0},[Нет OSC] {0},[OSC なし] {0},[OSC مفقود] {0},[OSC गायब] {0}
A shells video content and parameters.,A shells video content and parameters.,Ngā ihirangi ataata me ngā tawhā o tētahi anga.,Contenido de vídeo y parámetros de una cáscara.,Videoinhalt und Parameter einer Hülle.,Видеосодержимое и параметры оболочки.,シェルの映像コンテンツとパラメータ。,محتوى فيديو الغلاف ومعاملاته.,शेल की वीडियो सामग्री और पैरामीटर।
A showfile open is already in progress.,A showfile open is already in progress.,Kei te haere kē tētahi whakatuwheratanga kōnae whakaaturanga.,Ya hay una apertura de showfile en curso.,A showfile open is already in progress.,A showfile open is already in progress.,A showfile open is already in progress.,A showfile open is already in progress.,A showfile open is already in progress.
About,About,Mō,Acerca de,Über,О программе,情報,حول,परिचय
About and Help.,About and Help.,Mō me te Āwhina.,Acerca de y ayuda.,Über und Hilfe.,О программе и справка.,情報とヘルプ。,حول والمساعدة.,परिचय और सहायता।
"About and Help.
Version: ","About and Help.
Version: ","About and Help.
Version: ","About and Help.
Version: ","Über und Hilfe.
Version: ","О программе и справка.
Версия: ","情報とヘルプ。
バージョン: ","حول والمساعدة.
الإصدار: ","परिचय और सहायता।
संस्करण: "
About Cue2,About Cue2,Mō Cue2,Acerca de Cue2,Über Cue2,О Cue2,Cue2 について,حول Cue2,Cue2 के बारे में
About Cue2…,About Cue2…,Mō Cue2…,Acerca de Cue2…,Über Cue2…,О Cue2…,Cue2 について…,حول Cue2…,Cue2 के बारे में…
Above target cue,Above target cue,Ki runga ake i te tohu ūnga,Encima de la cue destino,Über dem Ziel-Cue,Над целевой репликой,対象キューの上,فوق الإشارة المستهدفة,लक्ष्य क्यू के ऊपर
Absolute seek.,Absolute seek.,Rapu pūmau.,Búsqueda absoluta.,Absolutes Suchen.,Абсолютный переход.,絶対シーク。,بحث مطلق.,निरपेक्ष सीक।
Absolute: C / L50 / R100. Relative: ± pan delta.,Absolute: C / L50 / R100. Relative: ± pan delta.,Pūmau: C / L50 / R100. Whakatairite: ± rerekētanga pan.,Absoluto: C / L50 / R100. Relativo: ± delta de paneo.,Absolut: C / L50 / R100. Relativ: ± Pan-Delta.,Абсолютно: C / L50 / R100. Относительно: ± дельта панорамы.,絶対: C / L50 / R100。相対: ± パン差分。,مطلق: C / L50 / R100. نسبي: ± فرق التحريك.,निरपेक्ष: C / L50 / R100। सापेक्ष: ± पैन डेल्टा।
Absolute: media time. Relative: ± offset from current position.,Absolute: media time. Relative: ± offset from current position.,Pūmau: wā pāpāho. Whakatairite: ± nekehanga mai i te tūnga o nāianei.,Absoluto: tiempo de medio. Relativo: ± desplazamiento desde la posición actual.,Absolut: Medienzeit. Relativ: ± Versatz zur aktuellen Position.,Абсолютно: время медиа. Относительно: ± смещение от текущей позиции.,絶対: メディア時間。相対: 現在位置からの ± オフセット。,مطلق: وقت الوسائط. نسبي: ± إزاحة من الموضع الحالي.,निरपेक्ष: मीडिया समय। सापेक्ष: वर्तमान स्थिति से ± ऑफ़सेट।
Absolute: target % (0–100). Relative: delta %.,Absolute: target % (0–100). Relative: delta %.,Pūmau: % ūnga (0–100). Whakatairite: rerekētanga %.,Absoluto: % objetivo (0–100). Relativo: delta %.,Absolut: Ziel-% (0–100). Relativ: Delta-%.,Абсолютно: целевые % (0–100). Относительно: дельта %.,絶対: 目標 %（0–100）。相対: 差分 %。,مطلق: النسبة المستهدفة (0–100). نسبي: فرق ٪.,निरपेक्ष: लक्ष्य % (0–100)। सापेक्ष: डेल्टा %।
Absolute: target dB (−60…0). Relative: delta dB.,Absolute: target dB (−60…0). Relative: delta dB.,Pūmau: dB ūnga (−60…0). Whakatairite: rerekētanga dB.,Absoluto: dB objetivo (−60…0). Relativo: delta dB.,Absolut: Ziel-dB (−60…0). Relativ: Delta-dB.,Абсолютно: целевые дБ (−60…0). Относительно: дельта дБ.,絶対: 目標 dB（−60…0）。相対: 差分 dB。,مطلق: الهدف د.ب (−60…0). نسبي: فرق د.ب.,निरपेक्ष: लक्ष्य dB (−60…0)। सापेक्ष: डेल्टा dB।
Action:,Action:,Mahi:,Acción:,Aktion:,Действие:,アクション:,إجراء:,क्रिया:
ActionName,ActionName,ActionName,ActionName,ActionName,ActionName,ActionName,ActionName,ActionName
Active Cues,Active Cues,Tohu hohe,Cues activas,Aktive Cues,Активные реплики,アクティブなキュー,الإشارات النشطة,सक्रिय क्यू
Active instances,Active instances,Ngā tūnga hohe,Instancias activas,Aktive Instanzen,Активные экземпляры,アクティブなインスタンス,النسخ النشطة,सक्रिय इंस्टेंस
Active instances:,Active instances:,Ngā tūnga hohe:,Instancias activas:,Aktive Instanzen:,Активные экземпляры:,アクティブなインスタンス:,النسخ النشطة:,सक्रिय इंस्टेंस:
"Add a new cue.
Inserts below selection.","Add a new cue.
Inserts below selection.","Tāpirihia he tohu hou.
Ka kōkuhua ki raro i te tīpakonga.","Añadir una cue nueva.
Se inserta debajo de la selección.","Neuen Cue hinzufügen.
Wird unter der Auswahl eingefügt.","Добавить новую реплику.
Вставляется под выделением.","新しいキューを追加。
選択の下に挿入されます。","إضافة إشارة جديدة.
تُدرج أسفل التحديد.","नया क्यू जोड़ें।
चयन के नीचे डाला जाता है।"
Add a Text component to this cue for closed captions.,Add a Text component to this cue for closed captions.,Tāpirihia he wae kupu ki tēnei tohu mō ngā tapanga kati.,Añadir un componente de texto a esta cue para subtítulos.,Diesem Cue eine Textkomponente für Untertitel hinzufügen.,Добавить текстовый компонент субтитров к этой реплике.,このキューに字幕用テキストコンポーネントを追加します。,أضف مكوّن نص لهذه الإشارة للترجمة المصاحبة.,इस क्यू में बंद कैप्शन के लिए टेक्स्ट घटक जोड़ें।
Add Channel +,Add Channel +,Tāpiri hongere +,Añadir canal +,Kanal hinzufügen +,Добавить канал +,チャンネル追加 +,إضافة قناة +,चैनल जोड़ें +
Add control:,Add control:,Tāpiri whakahaere:,Añadir control:,Steuerung hinzufügen:,Добавить управление:,コントロールを追加:,إضافة تحكم:,नियंत्रण जोड़ें:
Add input:,Add input:,Tāpiri tāuru:,Añadir entrada:,Eingang hinzufügen:,Добавить вход:,入力を追加:,إضافة إدخال:,इनपुट जोड़ें:
Add output:,Add output:,Tāpiri putanga:,Añadir salida:,Ausgang hinzufügen:,Добавить выход:,出力を追加:,إضافة إخراج:,आउटपुट जोड़ें:
Add session inputs (receive) and outputs (send). Enable MIDI to open both. Cue MIDI Output components send to session outputs. Offline devices stay listed until removed.,Add session inputs (receive) and outputs (send). Enable MIDI to open both. Cue MIDI Output components send to session outputs. Offline devices stay listed until removed.,Add session inputs (receive) and outputs (send). Enable MIDI to open both. Cue MIDI Output components send to session outputs. Offline devices stay listed until removed.,Add session inputs (receive) and outputs (send). Enable MIDI to open both. Cue MIDI Output components send to session outputs. Offline devices stay listed until removed.,Add session inputs (receive) and outputs (send). Enable MIDI to open both. Cue MIDI Output components send to session outputs. Offline devices stay listed until removed.,Add session inputs (receive) and outputs (send). Enable MIDI to open both. Cue MIDI Output components send to session outputs. Offline devices stay listed until removed.,Add session inputs (receive) and outputs (send). Enable MIDI to open both. Cue MIDI Output components send to session outputs. Offline devices stay listed until removed.,Add session inputs (receive) and outputs (send). Enable MIDI to open both. Cue MIDI Output components send to session outputs. Offline devices stay listed until removed.,Add session inputs (receive) and outputs (send). Enable MIDI to open both. Cue MIDI Output components send to session outputs. Offline devices stay listed until removed.
Add Text Component,Add Text Component,Tāpiri wae kupu,Añadir componente de texto,Textkomponente hinzufügen,Добавить текстовый компонент,テキストコンポーネントを追加,إضافة مكوّن نص,टेक्स्ट घटक जोड़ें
Add Text to {0} Missing Cue(s),Add Text to {0} Missing Cue(s),Tāpiri kupu ki ngā tohu ngaro {0},Añadir texto a {0} cue(s) sin texto,Text zu {0} fehlenden Cue(s) hinzufügen,Добавить текст к {0} репликам без текста,{0} 件の不足キューにテキストを追加,إضافة نص إلى {0} إشارة ناقصة,{0} गायब क्यू में टेक्स्ट जोड़ें
"After each GO, block another GO for this many seconds.
Prevents accidental double-taps. 0 = off.","After each GO, block another GO for this many seconds.
Prevents accidental double-taps. 0 = off.","After each GO, block another GO for this many seconds.
Prevents accidental double-taps. 0 = off.","After each GO, block another GO for this many seconds.
Prevents accidental double-taps. 0 = off.","After each GO, block another GO for this many seconds.
Prevents accidental double-taps. 0 = off.","After each GO, block another GO for this many seconds.
Prevents accidental double-taps. 0 = off.","After each GO, block another GO for this many seconds.
Prevents accidental double-taps. 0 = off.","After each GO, block another GO for this many seconds.
Prevents accidental double-taps. 0 = off.","After each GO, block another GO for this many seconds.
Prevents accidental double-taps. 0 = off."
Alias: preload target cue.,Alias: preload target cue.,Alias: preload target cue.,Alias: preload target cue.,Alias: preload target cue.,Alias: preload target cue.,Alias: preload target cue.,Alias: preload target cue.,Alias: preload target cue.
All,All,Katoa,Todo,Alle,Все,すべて,الكل,सभी
All active.,All active.,All active.,All active.,All active.,All active.,All active.,All active.,All active.
All connections,All connections,Ngā hononga katoa,Todas las conexiones,Alle Verbindungen,Все подключения,すべての接続,كل الاتصالات,सभी कनेक्शन
Allowlist,Allowlist,Rārangi whakaae,Lista permitida,Zulassungsliste,Белый список,許可リスト,قائمة السماح,अनुमति सूची
Also accept OSC over TCP (binary length-prefixed packets).,Also accept OSC over TCP (binary length-prefixed packets).,Also accept OSC over TCP (binary length-prefixed packets).,Also accept OSC over TCP (binary length-prefixed packets).,Also accept OSC over TCP (binary length-prefixed packets).,Also accept OSC over TCP (binary length-prefixed packets).,Also accept OSC over TCP (binary length-prefixed packets).,Also accept OSC over TCP (binary length-prefixed packets).,Also accept OSC over TCP (binary length-prefixed packets).
An update is available.,An update is available.,An update is available.,An update is available.,An update is available.,An update is available.,An update is available.,An update is available.,An update is available.
Animate a canvas target layer size and/or position.,Animate a canvas target layer size and/or position.,Whakaora i te rahi me/rānei te tūnga o tētahi paparanga papa ūnga.,Animar el tamaño y/o la posición de una capa de lienzo.,Größe und/oder Position einer Canvas-Zielebene animieren.,Анимировать размер и/или положение целевого слоя холста.,キャンバスのターゲットレイヤーのサイズや位置をアニメーション。,تحريك حجم طبقة اللوحة المستهدفة و/أو موضعها.,कैनवास लक्ष्य परत का आकार और/या स्थिति एनिमेट करें।
Appearance (show),Appearance (show),Āhua (whakaaturanga),Apariencia (show),Erscheinungsbild (Show),Оформление (шоу),外観（ショー）,المظهر (العرض),दिखावट (शो)
Application interface language. Applies immediately and is saved as a user preference.,Application interface language. Applies immediately and is saved as a user preference.,"Te reo o te atanga. Ka whakamahia tonutia, ā, ka tiakina hei manakohanga kaiwhakamahi.",Idioma de la interfaz. Se aplica de inmediato y se guarda como preferencia de usuario.,Sprache der Anwendungsschnittstelle. Wird sofort übernommen und als Benutzereinstellung gespeichert.,Языक интерфейса. Применяется сразу и сохраняется в настройках пользователя.,アプリケーションの表示言語。すぐに適用され、ユーザー設定として保存されます。,لغة واجهة التطبيق. تُطبَّق فوراً وتُحفظ كتفضيل مستخدم.,एप्लिकेशन इंटरफ़ेस भाषा। तुरंत लागू होती है और उपयोगकर्ता वरीयता के रूप में सहेजी जाती है।
Applied after mixing each cue path (standalone and video audio). Max level hard-clamps peaks to avoid digital overload; min level zeros near-silence (noise gate). Concurrent cues still sum on the device — leave master headroom for dense stacks.,Applied after mixing each cue path (standalone and video audio). Max level hard-clamps peaks to avoid digital overload; min level zeros near-silence (noise gate). Concurrent cues still sum on the device — leave master headroom for dense stacks.,Applied after mixing each cue path (standalone and video audio). Max level hard-clamps peaks to avoid digital overload; min level zeros near-silence (noise gate). Concurrent cues still sum on the device — leave master headroom for dense stacks.,Applied after mixing each cue path (standalone and video audio). Max level hard-clamps peaks to avoid digital overload; min level zeros near-silence (noise gate). Concurrent cues still sum on the device — leave master headroom for dense stacks.,Applied after mixing each cue path (standalone and video audio). Max level hard-clamps peaks to avoid digital overload; min level zeros near-silence (noise gate). Concurrent cues still sum on the device — leave master headroom for dense stacks.,Applied after mixing each cue path (standalone and video audio). Max level hard-clamps peaks to avoid digital overload; min level zeros near-silence (noise gate). Concurrent cues still sum on the device — leave master headroom for dense stacks.,Applied after mixing each cue path (standalone and video audio). Max level hard-clamps peaks to avoid digital overload; min level zeros near-silence (noise gate). Concurrent cues still sum on the device — leave master headroom for dense stacks.,Applied after mixing each cue path (standalone and video audio). Max level hard-clamps peaks to avoid digital overload; min level zeros near-silence (noise gate). Concurrent cues still sum on the device — leave master headroom for dense stacks.,Applied after mixing each cue path (standalone and video audio). Max level hard-clamps peaks to avoid digital overload; min level zeros near-silence (noise gate). Concurrent cues still sum on the device — leave master headroom for dense stacks.
Applies on next start/seek.,Applies on next start/seek.,Applies on next start/seek.,Applies on next start/seek.,Applies on next start/seek.,Applies on next start/seek.,Applies on next start/seek.,Applies on next start/seek.,Applies on next start/seek.
Apply,Apply,Whakamahi,Aplicar,Anwenden,Применить,適用,تطبيق,लागू करें
Apply allowlist changes.,Apply allowlist changes.,Whakamahia ngā huringa rārangi whakaae.,Aplicar cambios de la lista permitida.,Zulassungsliste anwenden.,Применить белый список.,許可リストの変更を適用。,تطبيق تغييرات قائمة السماح.,अनुमति सूची लागू करें।
args,args,args,args,args,args,args,args,args
"args: 1 0.5 ""hello"" true","args: 1 0.5 ""hello"" true","args: 1 0.5 ""hello"" true","args: 1 0.5 ""hello"" true","args: 1 0.5 ""hello"" true","args: 1 0.5 ""hello"" true","args: 1 0.5 ""hello"" true","args: 1 0.5 ""hello"" true","args: 1 0.5 ""hello"" true"
Arm.,Arm.,Whakamau pū.,Armar.,Scharfschalten.,Взвести.,アーム。,تسليح.,आर्म्ड करें।
Armed,Armed,Mau pū,Armado,Scharf,Взведено,アーム済み,مسلّح,आर्म्ड
Armed:,Armed:,Mau pū:,Armado:,Scharf:,Взведено:,アーム:,مسلّح:,आर्म्ड:
Arming,Arming,Whakamau pū,Armado,Scharfschalten,Взвод,アーム,تسليح,आर्मिंग
Art-Net,Art-Net,Art-Net,Art-Net,Art-Net,Art-Net,Art-Net,Art-Net,Art-Net
As child of target cue,As child of target cue,Hei tamaiti o te tohu ūnga,Como hijo de la cue destino,Als Kind des Ziel-Cues,Как дочерняя к цели,対象キューの子として,كابن للإشارة المستهدفة,लक्ष्य क्यू का चाइल्ड
"Assign MIDI controls to app actions (Go, Save, Undo, …)","Assign MIDI controls to app actions (Go, Save, Undo, …)","Tautapa ngā whakahaere MIDI ki ngā mahi taupānga (Haere, Tiaki, Wete, …)","Asignar controles MIDI a acciones de la app (Go, Guardar, Deshacer, …)","MIDI-Regler App-Aktionen zuweisen (Go, Speichern, Rückgängig, …)","Назначьте MIDI-контролы действиям (Go, Сохранить, Отмена, …)",MIDI コントロールをアプリ操作に割り当て（GO、保存、元に戻す …）,تعيين عناصر MIDI لإجراءات التطبيق (تشغيل، حفظ، تراجع، …),"MIDI नियंत्रण ऐप क्रियाओं को असाइन करें (Go, सहेजें, पूर्ववत, …)"
"Assign MIDI controls to the same actions as the keyboard Input Map (Go, Save, Undo, …). Click a binding to capture the next MIDI message. Requires a session MIDI input under Settings → MIDI. Esc cancels capture.","Assign MIDI controls to the same actions as the keyboard Input Map (Go, Save, Undo, …). Click a binding to capture the next MIDI message. Requires a session MIDI input under Settings → MIDI. Esc cancels capture.","Assign MIDI controls to the same actions as the keyboard Input Map (Go, Save, Undo, …). Click a binding to capture the next MIDI message. Requires a session MIDI input under Settings → MIDI. Esc cancels capture.","Assign MIDI controls to the same actions as the keyboard Input Map (Go, Save, Undo, …). Click a binding to capture the next MIDI message. Requires a session MIDI input under Settings → MIDI. Esc cancels capture.","Assign MIDI controls to the same actions as the keyboard Input Map (Go, Save, Undo, …). Click a binding to capture the next MIDI message. Requires a session MIDI input under Settings → MIDI. Esc cancels capture.","Assign MIDI controls to the same actions as the keyboard Input Map (Go, Save, Undo, …). Click a binding to capture the next MIDI message. Requires a session MIDI input under Settings → MIDI. Esc cancels capture.","Assign MIDI controls to the same actions as the keyboard Input Map (Go, Save, Undo, …). Click a binding to capture the next MIDI message. Requires a session MIDI input under Settings → MIDI. Esc cancels capture.","Assign MIDI controls to the same actions as the keyboard Input Map (Go, Save, Undo, …). Click a binding to capture the next MIDI message. Requires a session MIDI input under Settings → MIDI. Esc cancels capture.","Assign MIDI controls to the same actions as the keyboard Input Map (Go, Save, Undo, …). Click a binding to capture the next MIDI message. Requires a session MIDI input under Settings → MIDI. Esc cancels capture."
"Assign OSC addresses to app actions (Go, Save, Undo, …)","Assign OSC addresses to app actions (Go, Save, Undo, …)","Tautapa ngā wāhitau OSC ki ngā mahi taupānga (Haere, Tiaki, Wete, …)","Asignar direcciones OSC a acciones de la app (Go, Guardar, Deshacer, …)","OSC-Adressen App-Aktionen zuweisen (Go, Speichern, Rückgängig, …)","Назначьте OSC-адреса действиям (Go, Сохранить, Отмена, …)",OSC アドレスをアプリ操作に割り当て（GO、保存、元に戻す …）,تعيين عناوين OSC لإجراءات التطبيق (تشغيل، حفظ، تراجع، …),"OSC पते ऐप क्रियाओं को असाइन करें (Go, सहेजें, पूर्ववत, …)"
Associate .c2 files with Cue2,Associate .c2 files with Cue2,Associate .c2 files with Cue2,Associate .c2 files with Cue2,Associate .c2 files with Cue2,Associate .c2 files with Cue2,Associate .c2 files with Cue2,Associate .c2 files with Cue2,Associate .c2 files with Cue2
Attempt Open,Attempt Open,Ngana ki te whakatuwhera,Intentar abrir,Öffnen versuchen,Попытаться открыть,開いてみる,محاولة الفتح,खोलने का प्रयास
Audio,Audio,Oro,Audio,Audio,Аудио,オーディオ,صوت,ऑडियो
audio,audio,oro,audio,Audio,аудио,オーディオ,صوت,ऑडियो
Audio Defaults,Audio Defaults,Taunoa oro,Predeterminados de audio,Audio-Standards,Аудио по умолчанию,オーディオの既定値,إعدادات الصوت الافتراضية,ऑडियो डिफ़ॉल्ट
Audio Devices:,Audio Devices:,Ngā pūrere oro:,Dispositivos de audio:,Audiogeräte:,Аудиоустройства:,オーディオデバイス:,أجهزة الصوت:,ऑडियो डिवाइस:
Audio output,Audio output,Putanga oro,Salida de audio,Audioausgabe,Аудиовыход,オーディオ出力,مخرج الصوت,ऑडियो आउटपुट
Audio Output Patch,Audio Output Patch,Pātene putanga oro,Matriz de salida de audio,Audio-Ausgangspatch,Патч аудиовыхода,オーディオ出力パッチ,تصحيح مخرج الصوت,ऑडियो आउटपुट पैच
audio output patch,audio output patch,pātene putanga oro,parche de salida de audio,Audio-Ausgangspatch,патч аудиовыхода,オーディオ出力パッチ,تصحيح مخرج الصوت,ऑडियो आउटपुट पैच
Audio Patch,Audio Patch,Pātene oro,Parche de audio,Audio-Patch,Аудиопатч,オーディオパッチ,تصحيح الصوت,ऑडियो पैच
Audio volume,Audio volume,Kahaoro,Volumen de audio,Audiolautstärke,Громкость аудио,オーディオ音量,مستوى الصوت,ऑडियो वॉल्यूम
Audio volume.,Audio volume.,Kahaoro.,Volumen de audio.,Audiolautstärke.,Громкость аудио.,オーディオ音量。,مستوى الصوت.,ऑडियो वॉल्यूम।
AudioDevices service unavailable.,AudioDevices service unavailable.,Kāore te ratonga AudioDevices i te wātea.,Servicio AudioDevices no disponible.,AudioDevices-Dienst nicht verfügbar.,Служба AudioDevices недоступна.,AudioDevices サービスを利用できません。,خدمة AudioDevices غير متاحة.,AudioDevices सेवा उपलब्ध नहीं।
"Auto-continue: next cue starts after post-wait.
Click to cycle → Auto-follow → None","Auto-continue: next cue starts after post-wait.
Click to cycle → Auto-follow → None","Haere-aunoa: ka tīmata te tohu panuku i muri i te tataritanga-muri.
Pāwhiritia kia huri → Whai-aunoa → Kore","Auto-continuar: la siguiente cue empieza tras la postespera.
Clic para ciclar → Auto-seguir → Ninguno","Auto-Continue: nächster Cue startet nach der Nachwartezeit.
Klicken zum Wechsel → Auto-Follow → Keine","Автопродолжение: следующая реплика стартует после пост-паузы.
Клик: Автоследование → Нет","オートコンティニュー: ポストウェイト後に次のキューが開始。
クリックで切替 → オートフォロー → なし","متابعة تلقائية: تبدأ الإشارة التالية بعد الانتظار اللاحق.
انقر للتبديل → تتبع تلقائي → لا شيء","ऑटो-कंटिन्यू: पोस्ट-वेट के बाद अगला क्यू शुरू।
क्लिक करके बदलें → ऑटो-फ़ॉलो → कोई नहीं"
"Auto-follow: next cue starts when this cue completes.
Click to cycle → None → Auto-continue","Auto-follow: next cue starts when this cue completes.
Click to cycle → None → Auto-continue","Whai-aunoa: ka tīmata te tohu panuku ina oti tēnei tohu.
Pāwhiritia kia huri → Kore → Haere-aunoa","Auto-seguir: la siguiente cue empieza al completar esta.
Clic para ciclar → Ninguno → Auto-continuar","Auto-Follow: nächster Cue startet, wenn dieser endet.
Klicken zum Wechsel → Keine → Auto-Continue","Автоследование: следующая реплика стартует по завершении этой.
Клик: Нет → Автопродолжение","オートフォロー: このキュー完了時に次が開始。
クリックで切替 → なし → オートコンティニュー","تتبع تلقائي: تبدأ الإشارة التالية عند اكتمال هذه.
انقر للتبديل → لا شيء → متابعة تلقائية","ऑटो-फ़ॉलो: यह क्यू पूरा होने पर अगला शुरू।
क्लिक करके बदलें → कोई नहीं → ऑटो-कंटिन्यू"
"Autosave Interval (min, 0=off)","Autosave Interval (min, 0=off)","Wā tiaki-aunoa (meneti, 0=weto)","Intervalo de autoguardado (min, 0=off)","Autosave-Intervall (Min., 0=aus)","Интервал автосохранения (мин, 0=выкл)",自動保存間隔（分、0=オフ）,فاصل الحفظ التلقائي (دقيقة، 0=إيقاف),"ऑटोसेव अंतराल (मिनट, 0=बंद)"
Autowrap,Autowrap,Takahuri-aunoa,Ajuste automático,Zeilenumbruch,Автоперенос,自動折り返し,التفاف تلقائي,ऑटो रैप
Background,Background,Papamuri,Fondo,Hintergrund,Фон,背景,الخلفية,पृष्ठभूमि
Background colour,Background colour,Tae papamuri,Color de fondo,Hintergrundfarbe,Цвет фона,背景色,لون الخلفية,पृष्ठभूमि रंग
Background process,Background process,Hātepe papamuri,Proceso en segundo plano,Hintergrundprozess,Фоновый процесс,バックグラウンド処理,عملية خلفية,पृष्ठभूमि प्रक्रिया
Backup Depth,Backup Depth,Hōhonu pūrua,Profundidad de copias,Backup-Tiefe,Глубина резервных копий,バックアップ数,عمق النسخ الاحتياطي,बैकअप गहराई
Backup media,Backup media,Pūrua pāpāho,Respaldar medios,Medien sichern,Резерв медиа,メディアをバックアップ,نسخ الوسائط احتياطياً,मीडिया बैकअप
BBCode,BBCode,BBCode,BBCode,BBCode,BBCode,BBCode,BBCode,BBCode
"Before opening, make a backup copy of this showfile (.c2) and its media folders ","Before opening, make a backup copy of this showfile (.c2) and its media folders ","Before opening, make a backup copy of this showfile (.c2) and its media folders ","Before opening, make a backup copy of this showfile (.c2) and its media folders ","Before opening, make a backup copy of this showfile (.c2) and its media folders ","Before opening, make a backup copy of this showfile (.c2) and its media folders ","Before opening, make a backup copy of this showfile (.c2) and its media folders ","Before opening, make a backup copy of this showfile (.c2) and its media folders ","Before opening, make a backup copy of this showfile (.c2) and its media folders "
"Before opening, make a backup copy of this showfile and its media folders.","Before opening, make a backup copy of this showfile and its media folders.","Before opening, make a backup copy of this showfile and its media folders.","Before opening, make a backup copy of this showfile and its media folders.","Before opening, make a backup copy of this showfile and its media folders.","Before opening, make a backup copy of this showfile and its media folders.","Before opening, make a backup copy of this showfile and its media folders.","Before opening, make a backup copy of this showfile and its media folders.","Before opening, make a backup copy of this showfile and its media folders."
being used but not connected,being used but not connected,e whakamahia ana ēngari kāore i tūhono,en uso pero no conectado,"verwendet, aber nicht verbunden","используется, но не подключено",使用中だが未接続,مستخدم وغير متصل,उपयोग में है पर कनेक्ट नहीं
Below target cue,Below target cue,Ki raro i te tohu ūnga,Debajo de la cue destino,Unter dem Ziel-Cue,Под целевой репликой,対象キューの下,أسفل الإشارة المستهدفة,लक्ष्य क्यू के नीचे
BG,BG,BG,BG,BG,BG,BG,BG,BG
Bind the UDP receive port and process incoming OSC messages.,Bind the UDP receive port and process incoming OSC messages.,Bind the UDP receive port and process incoming OSC messages.,Bind the UDP receive port and process incoming OSC messages.,Bind the UDP receive port and process incoming OSC messages.,Bind the UDP receive port and process incoming OSC messages.,Bind the UDP receive port and process incoming OSC messages.,Bind the UDP receive port and process incoming OSC messages.,Bind the UDP receive port and process incoming OSC messages.
Bit Depth: {0},Bit Depth: {0},Hōhonu moka: {0},Profundidad de bits: {0},Bittiefe: {0},Разрядность: {0},ビット深度: {0},عمق البت: {0},बिट गहराई: {0}
Black out all layers,Black out all layers,Pōuri i ngā paparanga katoa,Oscurecer todas las capas,Alle Ebenen schwarz,Зачернить все слои,全レイヤーをブラックアウト,إخفاء كل الطبقات,सभी परतें ब्लैकआउट
Black out all video output layers while keeping display windows open. Runtime-only.,Black out all video output layers while keeping display windows open. Runtime-only.,Black out all video output layers while keeping display windows open. Runtime-only.,Black out all video output layers while keeping display windows open. Runtime-only.,Black out all video output layers while keeping display windows open. Runtime-only.,Black out all video output layers while keeping display windows open. Runtime-only.,Black out all video output layers while keeping display windows open. Runtime-only.,Black out all video output layers while keeping display windows open. Runtime-only.,Black out all video output layers while keeping display windows open. Runtime-only.
Blackout,Blackout,Pōuri,Apagón,Blackout,Блэкаут,ブラックアウト,تعتيم,ब्लैकआउट
Blackout Video,Blackout Video,Pōuri ataata,Apagar vídeo,Video-Blackout,Блэкаут видео,ビデオをブラックアウト,تعتيم الفيديو,वीडियो ब्लैकआउट
Built-in commands,Built-in commands,Ngā whakahau tāpiri,Comandos integrados,Integrierte Befehle,Встроенные команды,組み込みコマンド,أوامر مضمّنة,अंतर्निहित कमांड
By cue number.,By cue number.,Mā te tau tohu.,Por número de cue.,Nach Cue-Nummer.,По номеру реплики.,キュー番号で。,حسب رقم الإشارة.,क्यू नंबर से।
By id alias.,By id alias.,By id alias.,By id alias.,By id alias.,By id alias.,By id alias.,By id alias.,By id alias.
By number.,By number.,By number.,By number.,By number.,By number.,By number.,By number.,By number.
Cancel,Cancel,Whakakore,Cancelar,Abbrechen,Отмена,キャンセル,إلغاء,रद्द करें
"Cancels active commands. Standbys, count-ins and identifies. ","Cancels active commands. Standbys, count-ins and identifies. ","Cancels active commands. Standbys, count-ins and identifies. ","Cancels active commands. Standbys, count-ins and identifies. ","Cancels active commands. Standbys, count-ins and identifies. ","Cancels active commands. Standbys, count-ins and identifies. ","Cancels active commands. Standbys, count-ins and identifies. ","Cancels active commands. Standbys, count-ins and identifies. ","Cancels active commands. Standbys, count-ins and identifies. "
Cannot reorder here,Cannot reorder here,Kāore e taea te whakarārangi i konei,No se puede reordenar aquí,Hier nicht umordnen,Здесь нельзя переставить,ここには並べ替えできません,لا يمكن إعادة الترتيب هنا,यहाँ क्रम नहीं बदल सकते
Cannot target self,Cannot target self,Kāore e taea te ūnga ki a ia anō,No se puede apuntar a sí mismo,Sich selbst nicht als Ziel,Нельзя выбрать себя,自分自身は対象にできません,لا يمكن استهداف الذات,स्वयं को लक्ष्य नहीं बना सकते
Canvas,Canvas,Papa,Lienzo,Canvas,Холст,キャンバス,اللوحة,कैनवास
Canvas ({0}×{1}),Canvas ({0}×{1}),Papa ({0}×{1}),Lienzo ({0}×{1}),Canvas ({0}×{1}),Холст ({0}×{1}),キャンバス ({0}×{1}),اللوحة ({0}×{1}),कैनवास ({0}×{1})
CANVAS EDITOR,CANVAS EDITOR,KAIWHAKATIKA PAPA,EDITOR DE LIENZO,CANVAS-EDITOR,РЕДАКТОР ХОЛСТА,キャンバスエディタ,محرر اللوحة,कैनवास संपादक
Canvas Editor,Canvas Editor,Kaiwhakatika papa,Editor de lienzo,Canvas-Editor,Редактор холста,キャンバスエディタ,محرر اللوحة,कैनवास संपादक
Canvas Position,Canvas Position,Tūnga papa,Posición del lienzo,Canvas-Position,Положение холста,キャンバス位置,موضع اللوحة,कैनवास स्थिति
Canvas Zoom. Ctrl + Scroll,Canvas Zoom. Ctrl + Scroll,Canvas Zoom. Ctrl + Scroll,Canvas Zoom. Ctrl + Scroll,Canvas Zoom. Ctrl + Scroll,Canvas Zoom. Ctrl + Scroll,Canvas Zoom. Ctrl + Scroll,Canvas Zoom. Ctrl + Scroll,Canvas Zoom. Ctrl + Scroll
Capture,Capture,Hopu,Capturar,Aufnehmen,Захват,キャプチャ,التقاط,कैप्चर
Capture the next MIDI message as this cue's trigger. Esc or click again cancels.,Capture the next MIDI message as this cue's trigger. Esc or click again cancels.,"Hopukina te karere MIDI panuku hei pūtake o tēnei tohu. Esc, kia pāwhiri anō rānei, ka whakakore.",Captura el siguiente mensaje MIDI como disparador de esta cue. Esc o clic de nuevo cancela.,Nächste MIDI-Nachricht als Auslöser dieses Cues aufnehmen. Esc oder erneutes Klicken bricht ab.,Захватить следующее MIDI-сообщение как триггер этой реплики. Esc или повторный клик отменяет.,次の MIDI メッセージをこのキューのトリガーとして取り込み。Esc または再クリックでキャンセル。,التقاط رسالة MIDI التالية كمحفّز لهذه الإشارة. Esc أو النقر مرة أخرى يلغي.,अगला MIDI संदेश इस क्यू का ट्रिगर बनाएँ। Esc या फिर क्लिक रद्द करता है।
Change canvas position,Change canvas position,Huri tūnga papa,Cambiar posición del lienzo,Canvas-Position ändern,Изменить положение холста,キャンバス位置を変更,تغيير موضع اللوحة,कैनवास स्थिति बदलें
Change layer size,Change layer size,Huri rahi paparanga,Cambiar tamaño de capa,Ebenengröße ändern,Изменить размер слоя,レイヤーサイズを変更,تغيير حجم الطبقة,परत आकार बदलें
Channel 1,Channel 1,Channel 1,Channel 1,Channel 1,Channel 1,Channel 1,Channel 1,Channel 1
Channels: {0},Channels: {0},Ngā hongere: {0},Canales: {0},Kanäle: {0},Каналы: {0},チャンネル: {0},القنوات: {0},चैनल: {0}
Check File Presence,Check File Presence,Tirohia te noho o ngā kōnae,Comprobar presencia de archivos,Dateivorhandensein prüfen,Проверить файлы,ファイルの有無を確認,التحقق من وجود الملف,फ़ाइल मौजूदगी जाँचें
Check for updates when Cue2 starts,Check for updates when Cue2 starts,Check for updates when Cue2 starts,Check for updates when Cue2 starts,Check for updates when Cue2 starts,Check for updates when Cue2 starts,Check for updates when Cue2 starts,Check for updates when Cue2 starts,Check for updates when Cue2 starts
Check GitHub Releases for a newer Cue2. Install never runs during playback.,Check GitHub Releases for a newer Cue2. Install never runs during playback.,Check GitHub Releases for a newer Cue2. Install never runs during playback.,Check GitHub Releases for a newer Cue2. Install never runs during playback.,Check GitHub Releases for a newer Cue2. Install never runs during playback.,Check GitHub Releases for a newer Cue2. Install never runs during playback.,Check GitHub Releases for a newer Cue2. Install never runs during playback.,Check GitHub Releases for a newer Cue2. Install never runs during playback.,Check GitHub Releases for a newer Cue2. Install never runs during playback.
Check Now,Check Now,Check Now,Check Now,Check Now,Check Now,Check Now,Check Now,Check Now
Checking for updates…,Checking for updates…,Checking for updates…,Checking for updates…,Checking for updates…,Checking for updates…,Checking for updates…,Checking for updates…,Checking for updates…
Checking showfile…,Checking showfile…,E tirotiro ana i te kōnae whakaaturanga…,Comprobando el archivo de show…,Showfile wird geprüft…,Проверка шоу-файла…,ショーファイルを確認中…,جارٍ فحص ملف العرض…,शोफ़ाइल जाँच हो रही है…
Choose which settings categories are included when saving or loading a settings file,Choose which settings categories are included when saving or loading a settings file,Choose which settings categories are included when saving or loading a settings file,Choose which settings categories are included when saving or loading a settings file,Choose which settings categories are included when saving or loading a settings file,Choose which settings categories are included when saving or loading a settings file,Choose which settings categories are included when saving or loading a settings file,Choose which settings categories are included when saving or loading a settings file,Choose which settings categories are included when saving or loading a settings file
Choose which weekdays the clock trigger may fire.,Choose which weekdays the clock trigger may fire.,Kōwhiria ngā rā o te wiki e āhei ai te pūtake karaka.,Elige los días de la semana en que puede disparar el reloj.,"Wochentage wählen, an denen der Uhr-Auslöser feuern darf.","Выберите дни недели, когда срабатывает часовой триггер.",時計トリガーが発火してよい曜日を選びます。,اختر أيام الأسبوع التي قد يطلق فيها محفّز الساعة.,"घड़ी ट्रिगर किन सप्ताह के दिनों में चले, चुनें।"
"Choose which weekdays the clock trigger may fire.
Current: ","Choose which weekdays the clock trigger may fire.
Current: ","Choose which weekdays the clock trigger may fire.
Current: ","Choose which weekdays the clock trigger may fire.
Current: ","Choose which weekdays the clock trigger may fire.
Current: ","Choose which weekdays the clock trigger may fire.
Current: ","Choose which weekdays the clock trigger may fire.
Current: ","Choose which weekdays the clock trigger may fire.
Current: ","Choose which weekdays the clock trigger may fire.
Current: "
Clear,Clear,Ūkui,Borrar,Leeren,Очистить,クリア,مسح,साफ़ करें
Clear binding,Clear binding,Ūkui here,Borrar asignación,Bindung löschen,Сбросить привязку,バインドをクリア,مسح الربط,बाइंडिंग साफ़ करें
Clear logs,Clear logs,Ūkui rātaka,Borrar registros,Protokolle leeren,Очистить журнал,ログをクリア,مسح السجلات,लॉग साफ़ करें
Clear MIDI binding,Clear MIDI binding,Ūkui here MIDI,Borrar asignación MIDI,MIDI-Bindung löschen,Сбросить MIDI,MIDI バインドをクリア,مسح ربط MIDI,MIDI बाइंडिंग साफ़ करें
Clear OSC binding (no OSC for this action),Clear OSC binding (no OSC for this action),Ūkui here OSC (kāore he OSC mō tēnei mahi),Borrar asignación OSC (sin OSC para esta acción),OSC-Bindung löschen (kein OSC für diese Aktion),Сбросить OSC (без OSC для этого действия),OSC バインドをクリア（この操作に OSC なし）,مسح ربط OSC (لا OSC لهذا الإجراء),OSC बाइंडिंग साफ़ करें (इस क्रिया के लिए OSC नहीं)
Clear Recent,Clear Recent,Ūkui nā nātata,Borrar recientes,Zuletzt verwendet leeren,Очистить недавние,最近使った項目をクリア,مسح الأخيرة,हालिया साफ़ करें
Clear target,Clear target,Ūkui ūnga,Borrar destino,Ziel löschen,Сбросить цель,ターゲットをクリア,مسح الهدف,लक्ष्य साफ़ करें
Click a binding to reassign. Press Esc to cancel. ,Click a binding to reassign. Press Esc to cancel. ,Click a binding to reassign. Press Esc to cancel. ,Click a binding to reassign. Press Esc to cancel. ,Click a binding to reassign. Press Esc to cancel. ,Click a binding to reassign. Press Esc to cancel. ,Click a binding to reassign. Press Esc to cancel. ,Click a binding to reassign. Press Esc to cancel. ,Click a binding to reassign. Press Esc to cancel. 
Click or drag to set the playhead,Click or drag to set the playhead,"Pāwhiri, tō rānei kia tautu te upoko purei",Clic o arrastre para poner el cabezal,"Klicken oder ziehen, um den Playhead zu setzen","Щёлкните или перетащите, чтобы поставить курсор воспроизведения",クリックまたはドラッグで再生ヘッドを設定,انقر أو اسحب لتعيين رأس التشغيل,प्लेहेड सेट करने के लिए क्लिक या खींचें
Click to capture MIDI binding. Esc cancels.,Click to capture MIDI binding. Esc cancels.,Click to capture MIDI binding. Esc cancels.,Click to capture MIDI binding. Esc cancels.,Click to capture MIDI binding. Esc cancels.,Click to capture MIDI binding. Esc cancels.,Click to capture MIDI binding. Esc cancels.,Click to capture MIDI binding. Esc cancels.,Click to capture MIDI binding. Esc cancels.
Click to change binding,Click to change binding,Click to change binding,Click to change binding,Click to change binding,Click to change binding,Click to change binding,Click to change binding,Click to change binding
Click to set hotkey. Esc cancels.,Click to set hotkey. Esc cancels.,Pāwhiritia kia tautu te pātuhi-wera. Ka whakakore a Esc.,Clic para asignar atajo. Esc cancela.,"Klicken, um Tastenkürzel zu setzen. Esc bricht ab.","Нажмите, чтобы задать горячую клавишу. Esc отменяет.",クリックしてホットキーを設定。Esc でキャンセル。,انقر لتعيين مفتاح الاختصار. Esc يلغي.,हॉटकी सेट करने के लिए क्लिक करें। Esc रद्द करता है।
Clock,Clock,Karaka,Reloj,Uhr,Часы,時計,الساعة,घड़ी
Close all displays,Close all displays,Katia ngā whakaaturanga katoa,Cerrar todas las pantallas,Alle Anzeigen schließen,Закрыть все экраны,すべてのディスプレイを閉じる,إغلاق كل الشاشات,सभी डिस्प्ले बंद करें
Close Displays,Close Displays,Katia ngā whakaaturanga,Cerrar pantallas,Anzeigen schließen,Закрыть экраны,ディスプレイを閉じる,إغلاق الشاشات,डिस्प्ले बंद करें
Close/hide all house display windows without clearing canvas topology. Runtime-only.,Close/hide all house display windows without clearing canvas topology. Runtime-only.,Close/hide all house display windows without clearing canvas topology. Runtime-only.,Close/hide all house display windows without clearing canvas topology. Runtime-only.,Close/hide all house display windows without clearing canvas topology. Runtime-only.,Close/hide all house display windows without clearing canvas topology. Runtime-only.,Close/hide all house display windows without clearing canvas topology. Runtime-only.,Close/hide all house display windows without clearing canvas topology. Runtime-only.,Close/hide all house display windows without clearing canvas topology. Runtime-only.
Closed captions from video will show here during playback (static content is still used in the inspector / when CC is off).,Closed captions from video will show here during playback (static content is still used in the inspector / when CC is off).,Closed captions from video will show here during playback (static content is still used in the inspector / when CC is off).,Closed captions from video will show here during playback (static content is still used in the inspector / when CC is off).,Closed captions from video will show here during playback (static content is still used in the inspector / when CC is off).,Closed captions from video will show here during playback (static content is still used in the inspector / when CC is off).,Closed captions from video will show here during playback (static content is still used in the inspector / when CC is off).,Closed captions from video will show here during playback (static content is still used in the inspector / when CC is off).,Closed captions from video will show here during playback (static content is still used in the inspector / when CC is off).
Closes all display windows without destroying the canvas layout. Cues may still run; video is not shown on house screens.,Closes all display windows without destroying the canvas layout. Cues may still run; video is not shown on house screens.,Closes all display windows without destroying the canvas layout. Cues may still run; video is not shown on house screens.,Closes all display windows without destroying the canvas layout. Cues may still run; video is not shown on house screens.,Closes all display windows without destroying the canvas layout. Cues may still run; video is not shown on house screens.,Closes all display windows without destroying the canvas layout. Cues may still run; video is not shown on house screens.,Closes all display windows without destroying the canvas layout. Cues may still run; video is not shown on house screens.,Closes all display windows without destroying the canvas layout. Cues may still run; video is not shown on house screens.,Closes all display windows without destroying the canvas layout. Cues may still run; video is not shown on house screens.
Codec: {0},Codec: {0},Kounga: {0},Códec: {0},Codec: {0},Кодек: {0},コーデック: {0},الترميز: {0},कोडे़क: {0}
Col,Col,Col,Col,Col,Col,Col,Col,Col
Collapse channels,Collapse channels,Collapse channels,Collapse channels,Collapse channels,Collapse channels,Collapse channels,Collapse channels,Collapse channels
Collapse One Layer,Collapse One Layer,Whakaiti taumata kotahi,Contraer un nivel,Eine Ebene einklappen,Свернуть один уровень,1 階層折りたたむ,طي طبقة واحدة,एक परत समेटें
Colour,Colour,Tae,Color,Farbe,Цвет,色,اللون,रंग
Colour:,Colour:,Tae:,Color:,Farbe:,Цвет:,色:,اللون:,रंग:
Comma-separated IPs allowed to send OSC. Empty = allow everyone. Loopback always allowed when list is set.,Comma-separated IPs allowed to send OSC. Empty = allow everyone. Loopback always allowed when list is set.,Comma-separated IPs allowed to send OSC. Empty = allow everyone. Loopback always allowed when list is set.,Comma-separated IPs allowed to send OSC. Empty = allow everyone. Loopback always allowed when list is set.,Comma-separated IPs allowed to send OSC. Empty = allow everyone. Loopback always allowed when list is set.,Comma-separated IPs allowed to send OSC. Empty = allow everyone. Loopback always allowed when list is set.,Comma-separated IPs allowed to send OSC. Empty = allow everyone. Loopback always allowed when list is set.,Comma-separated IPs allowed to send OSC. Empty = allow everyone. Loopback always allowed when list is set.,Comma-separated IPs allowed to send OSC. Empty = allow everyone. Loopback always allowed when list is set.
Confirm,Confirm,Whakaū,Confirmar,Bestätigen,Подтвердить,確認,تأكيد,पुष्टि करें
connected,connected,kua tūhono,conectado,verbunden,подключено,接続済み,متصل,कनेक्टेड
Connected,Connected,Kua tūhono,Conectado,Verbunden,Подключено,接続済み,متصل,कनेक्टेड
Connected Cue-Light will run a blue chase until disabled. ,Connected Cue-Light will run a blue chase until disabled. ,Connected Cue-Light will run a blue chase until disabled. ,Connected Cue-Light will run a blue chase until disabled. ,Connected Cue-Light will run a blue chase until disabled. ,Connected Cue-Light will run a blue chase until disabled. ,Connected Cue-Light will run a blue chase until disabled. ,Connected Cue-Light will run a blue chase until disabled. ,Connected Cue-Light will run a blue chase until disabled. 
Connecting…,Connecting…,E tūhono ana…,Conectando…,Verbinden…,Подключение…,接続中…,جارٍ الاتصال…,कनेक्ट हो रहा है…
Connection,Connection,Hononga,Conexión,Verbindung,Подключение,接続,اتصال,कनेक्शन
Connection controls,Connection controls,Ngā whakahaere hononga,Controles de conexión,Verbindungssteuerung,Управление подключениями,接続コントロール,عناصر الاتصال,कनेक्शन नियंत्रण
Connections,Connections,Hononga,Conexiones,Verbindungen,Подключения,接続,الاتصالات,कनेक्शन
"Connections

No OSC or MIDI connections are currently configured.","Connections

No OSC or MIDI connections are currently configured.","Hononga

Kāore he hononga OSC, MIDI rānei i te whirihora ināianei.","Conexiones

No hay conexiones OSC ni MIDI configuradas.","Verbindungen

Derzeit sind keine OSC- oder MIDI-Verbindungen konfiguriert.","Подключения

OSC или MIDI сейчас не настроены.","接続

OSC / MIDI 接続は設定されていません。","الاتصالات

لا توجد اتصالات OSC أو MIDI مُعدّة حالياً.","कनेक्शन

कोई OSC या MIDI कनेक्शन कॉन्फ़िगर नहीं है।"
Connections:,Connections:,Hononga:,Conexiones:,Verbindungen:,Подключения:,接続:,الاتصالات:,कनेक्शन:
Content,Content,Ihirangi,Contenido,Inhalt,Содержимое,内容,المحتوى,सामग्री
Continue,Continue,Haere tonu,Continuar,Continue,Продолжить,コンティニュー,متابعة,जारी
"Continue mode (click to cycle):
None → Auto-continue → Auto-follow
→  Auto-continue (after post-wait)
↳  Auto-follow (after cue completes)","Continue mode (click to cycle):
None → Auto-continue → Auto-follow
→  Auto-continue (after post-wait)
↳  Auto-follow (after cue completes)","Continue mode (click to cycle):
None → Auto-continue → Auto-follow
→  Auto-continue (after post-wait)
↳  Auto-follow (after cue completes)","Continue mode (click to cycle):
None → Auto-continue → Auto-follow
→  Auto-continue (after post-wait)
↳  Auto-follow (after cue completes)","Continue mode (click to cycle):
None → Auto-continue → Auto-follow
→  Auto-continue (after post-wait)
↳  Auto-follow (after cue completes)","Continue mode (click to cycle):
None → Auto-continue → Auto-follow
→  Auto-continue (after post-wait)
↳  Auto-follow (after cue completes)","Continue mode (click to cycle):
None → Auto-continue → Auto-follow
→  Auto-continue (after post-wait)
↳  Auto-follow (after cue completes)","Continue mode (click to cycle):
None → Auto-continue → Auto-follow
→  Auto-continue (after post-wait)
↳  Auto-follow (after cue completes)","Continue mode (click to cycle):
None → Auto-continue → Auto-follow
→  Auto-continue (after post-wait)
↳  Auto-follow (after cue completes)"
Continue mode: auto-continue (→) or auto-follow (↳).,Continue mode: auto-continue (→) or auto-follow (↳).,Aratau haere: haere-aunoa (→) tērā rānei whai-aunoa (↳).,Modo continuar: auto-continuar (→) o auto-seguir (↳).,Continue-Modus: Auto-Continue (→) oder Auto-Follow (↳).,Режим продолжения: автопродолжение (→) или автоследование (↳).,コンティニューモード: オートコンティニュー (→) またはオートフォロー (↳)。,وضع المتابعة: متابعة تلقائية (→) أو تتبع تلقائي (↳).,कंटिन्यू मोड: ऑटो-कंटिन्यू (→) या ऑटो-फ़ॉलो (↳)।
"Continue mode: None.
Click to set Auto-continue (→), then Auto-follow (↳).","Continue mode: None.
Click to set Auto-continue (→), then Auto-follow (↳).","Aratau haere: Kore.
Pāwhiritia kia Haere-aunoa (→), kātahi Whai-aunoa (↳).","Modo continuar: Ninguno.
Clic para Auto-continuar (→), luego Auto-seguir (↳).","Continue-Modus: Keine.
Klicken für Auto-Continue (→), dann Auto-Follow (↳).","Режим продолжения: Нет.
Клик: Автопродолжение (→), затем Автоследование (↳).","コンティニューモード: なし。
クリックでオートコンティニュー (→)、次にオートフォロー (↳)。","وضع المتابعة: لا شيء.
انقر لتعيين متابعة تلقائية (→) ثم تتبعاً تلقائياً (↳).","कंटिन्यू मोड: कोई नहीं।
क्लिक करें ऑटो-कंटिन्यू (→), फिर ऑटो-फ़ॉलो (↳)।"
Continue:,Continue:,Haere tonu:,Continuar:,Continue:,Продолжить:,コンティニュー:,متابعة:,जारी:
Continuing after {0},Continuing after {0},E haere tonu ana i muri i {0},Continuando después de {0},Weiter nach {0},Продолжение через {0},{0} 後に続行,المتابعة بعد {0},{0} के बाद जारी
Control,Control,Whakahaere,Control,Steuerung,Управление,コントロール,تحكم,नियंत्रण
Control commands to itself or other cues.,Control commands to itself or other cues.,"Ngā whakahau whakahaere ki a ia anō, ki ētahi tohu kē rānei.",Comandos de control a sí misma u otras cues.,Steuerbefehle an sich selbst oder andere Cues.,Команды управления себе или другим репликам.,自身または他のキューへの制御コマンド。,أوامر تحكم لنفسها أو لإشارات أخرى.,स्वयं या अन्य क्यू को नियंत्रण कमांड।
Copy,Copy,Tārua,Copiar,Kopieren,Копировать,コピー,نسخ,कॉपी
Copy media into library,Copy media into library,Tārua pāpāho ki te puna,Copiar medios a la biblioteca,Medien in die Bibliothek kopieren,Копировать медиа в библиотеку,メディアをライブラリにコピー,نسخ الوسائط إلى المكتبة,मीडिया को लाइब्रेरी में कॉपी करें
Copy media into show,Copy media into show,Tārua pāpāho ki te whakaaturanga,Copiar medios al show,Medien in die Show kopieren,Копировать медиа в шоу,メディアをショーにコピー,نسخ الوسائط إلى العرض,मीडिया को शो में कॉपी करें
Copy Media into Show Folder,Copy Media into Show Folder,Tārua pāpāho ki te kōpaki whakaaturanga,Copiar medios a la carpeta del show,Medien in den Show-Ordner kopieren,Копировать медиа в папку шоу,メディアをショーフォルダにコピー,نسخ الوسائط إلى مجلد العرض,मीडिया को शो फ़ोल्डर में कॉपी करें
Copy media into show folder (Audio/Video/Images).,Copy media into show folder (Audio/Video/Images).,Copy media into show folder (Audio/Video/Images).,Copy media into show folder (Audio/Video/Images).,Copy media into show folder (Audio/Video/Images).,Copy media into show folder (Audio/Video/Images).,Copy media into show folder (Audio/Video/Images).,Copy media into show folder (Audio/Video/Images).,Copy media into show folder (Audio/Video/Images).
Copying 0%,Copying 0%,Tārua 0%,Copiando 0%,Kopieren 0%,Копирование 0%,コピー中 0%,النسخ 0%,कॉपी हो रहा है 0%
Copying {0}%,Copying {0}%,Tārua {0}%,Copiando {0}%,Kopieren {0}%,Копирование {0}%,コピー中 {0}%,النسخ {0}%,कॉपी हो रहा है {0}%
Copyright © 2025-2026 Samuel Moxham,Copyright © 2025-2026 Samuel Moxham,Manatārua © 2025-2026 Samuel Moxham,Copyright © 2025-2026 Samuel Moxham,Copyright © 2025-2026 Samuel Moxham,Copyright © 2025-2026 Samuel Moxham,Copyright © 2025-2026 Samuel Moxham,حقوق النشر © 2025-2026 Samuel Moxham,कॉपीराइट © 2025-2026 Samuel Moxham
Could not check for updates.,Could not check for updates.,Could not check for updates.,Could not check for updates.,Could not check for updates.,Could not check for updates.,Could not check for updates.,Could not check for updates.,Could not check for updates.
Count-In,Count-In,Tatau-mai,Cuenta,Einzählen,Отсчёт,カウントイン,العدّ,काउंट-इन
"Count-In override time. To make count-in = prewait time, enter 0.","Count-In override time. To make count-in = prewait time, enter 0.","Wā takahi tatau-mai. Kia rite te tatau-mai ki te tataritanga-mua, tāuruhia te 0.","Tiempo de anulación de cuenta. Para que cuenta = preespera, introduce 0.",Einzähl-Override. 0 setzt Einzählen = Vorwartezeit.,Переопределение отсчёта. 0 = отсчёт равен пред-паузе.,カウントイン上書き。0 でカウントイン＝プリウェイト。,وقت تجاوز العدّ. أدخل 0 ليساوي العدّ وقت الانتظار المسبق.,काउंट-इन ओवरराइड। 0 दर्ज करें तो काउंट-इन = प्री-वेट।
Count-In:,Count-In:,Tatau-mai:,Cuenta:,Einzählen:,Отсчёт:,カウントイン:,العدّ:,काउंट-इन:
CPU --.-%,CPU --.-%,CPU --.-%,CPU --.-%,CPU --.-%,ЦП --.-%,CPU --.-%,المعالج --.-%,CPU --.-%
CPU usage,CPU usage,Whakamahinga CPU,Uso de CPU,CPU-Auslastung,Загрузка ЦП,CPU 使用率,استخدام المعالج,CPU उपयोग
CPU usage (this process),CPU usage (this process),Whakamahinga CPU (tēnei hātepe),Uso de CPU (este proceso),CPU-Auslastung (dieser Prozess),Загрузка ЦП (этот процесс),CPU 使用率（このプロセス）,استخدام المعالج (هذه العملية),CPU उपयोग (यह प्रक्रिया)
CPU {0}%,CPU {0}%,CPU {0}%,CPU {0}%,CPU {0}%,ЦП {0}%,CPU {0}%,المعالج {0}%,CPU {0}%
Create a folder under the selected library folder.,Create a folder under the selected library folder.,Waihangatia he kōpaki i raro i te kōpaki puna kua tīpakohia.,Crear una carpeta bajo la carpeta de biblioteca seleccionada.,Einen Ordner unter dem ausgewählten Bibliotheksordner anlegen.,Создать папку внутри выбранной папки библиотеки.,選択したライブラリフォルダの下にフォルダを作成。,إنشاء مجلد تحت مجلد المكتبة المحدد.,चयनित लाइब्रेरी फ़ोल्डर के अंतर्गत फ़ोल्डर बनाएँ।
Create Cue,Create Cue,Waihanga tohu,Crear cue,Cue erstellen,Создать реплику,キューを作成,إنشاء إشارة,क्यू बनाएँ
Create Cues,Create Cues,Waihanga tohu,Crear cues,Cues erstellen,Создать реплики,キューを作成,إنشاء إشارات,क्यू बनाएँ
Create each file as child of its own parent cue,Create each file as child of its own parent cue,Waihangatia ia kōnae hei tamaiti o tōna ake tohu matua,Crear cada archivo como hijo de su propia cue padre,Jede Datei als Kind eines eigenen Eltern-Cues anlegen,Каждый файл — дочерний своей родительской реплики,各ファイルを独自の親キューの子として作成,إنشاء كل ملف كابن لإشارته الأصلية,प्रत्येक फ़ाइल को उसके पैरेंट क्यू का चाइल्ड बनाएँ
Create separate cue for each file (recommended),Create separate cue for each file (recommended),Waihangatia he tohu motuhake mō ia kōnae (e taunakitia ana),Crear una cue distinta por archivo (recomendado),Für jede Datei einen eigenen Cue (empfohlen),Отдельная реплика на каждый файл (рекомендуется),ファイルごとに別キュー（推奨）,إشارة منفصلة لكل ملف (موصى به),प्रत्येक फ़ाइल के लिए अलग क्यू (अनुशंसित)
Creating outputs…,Creating outputs…,E hanga ana i ngā putanga…,Creando salidas…,Ausgaben werden erstellt…,Создание выходов…,出力を作成中…,جارٍ إنشاء المخرجات…,आउटपुट बन रहे हैं…
Cue Defaults,Cue Defaults,Taunoa tohu,Valores predeterminados de cue,Cue-Standards,Реплики по умолчанию,キューの既定値,إعدادات الإشارة الافتراضية,क्यू डिफ़ॉल्ट
Cue Editing,Cue Editing,Whakatika tohu,Edición de cues,Cue-Bearbeitung,Редактирование реплик,キュー編集,تحرير الإشارات,क्यू संपादन
Cue id,Cue id,Tāutanga tohu,Id de cue,Cue-ID,ID реплики,キュー ID,معرّف الإشارة,क्यू आईडी
Cue Lights,Cue Lights,Rama tohu,Cue Lights,Cue-Lights,Cue Lights,キューライト,أضواء الإشارة,क्यू लाइट
Cue List Scale,Cue List Scale,Tauine rārangi tohu,Escala de la lista de cues,Cuelisten-Skalierung,Масштаб списка реплик,キューリスト倍率,مقياس قائمة الإشارات,क्यू सूची स्केल
Cue name,Cue name,Ingoa tohu,Nombre de cue,Cue-Name,Имя реплики,キュー名,اسم الإشارة,क्यू नाम
Cue notes…,Cue notes…,Tuhipoka tohu…,Notas de cue…,Cue-Notizen…,Заметки реплики…,キューメモ…,ملاحظات الإشارة…,क्यू नोट्स…
Cue number,Cue number,Tau tohu,Número de cue,Cue-Nummer,Номер реплики,キュー番号,رقم الإشارة,क्यू नंबर
"Cue numbers, shorthand identifier. Does not need to be unique. Max length of 5 characters.","Cue numbers, shorthand identifier. Does not need to be unique. Max length of 5 characters.","Ngā tau tohu, he tohu poto. Ehara i te mea motuhake. 5 pūmatua te mōrahi.","Números de cue, identificador corto. No hace falta que sea único. Máx. 5 caracteres.","Cue-Nummern, Kurzkennung. Muss nicht eindeutig sein. Maximal 5 Zeichen.","Номер реплики, краткий идентификатор. Не обязан быть уникальным. Макс. 5 символов.",キュー番号。一意でなくてよい短い識別子。最大 5 文字。,أرقام الإشارة، معرّف مختصر. لا يلزم أن يكون فريداً. 5 أحرف كحد أقصى.,"क्यू नंबर, संक्षिप्त पहचान। अद्वितीय होना ज़रूरी नहीं। अधिकतम 5 अक्षर।"
"Cue sequence mode for the next cue at the same nesting level.
None: Do not auto-start the next cue.
Auto-continue: After this cue's pre-wait ends, arm the next cue (it shows Continue + this post-wait).
Auto-follow: When this cue completes, arm the next cue (it shows Follow + this post-wait).","Cue sequence mode for the next cue at the same nesting level.
None: Do not auto-start the next cue.
Auto-continue: After this cue's pre-wait ends, arm the next cue (it shows Continue + this post-wait).
Auto-follow: When this cue completes, arm the next cue (it shows Follow + this post-wait).","Aratau raupapa mō te tohu panuku i te taumata ōrite.
Kore: Kaua e tīmata-aunoa i te tohu panuku.
Haere-aunoa: I muri i te tataritanga-mua, whakamaua te tohu panuku (Haere tonu + tēnei tataritanga-muri).
Whai-aunoa: Ina oti tēnei tohu, whakamaua te tohu panuku (Whai + tēnei tataritanga-muri).","Modo de secuencia para la siguiente cue del mismo nivel.
Ninguno: no iniciar automáticamente la siguiente.
Auto-continuar: al terminar la preespera, arma la siguiente (Continuar + esta postespera).
Auto-seguir: al completar esta, arma la siguiente (Seguir + esta postespera).","Sequenzmodus für den nächsten Cue auf derselben Ebene.
Keine: Nächsten Cue nicht automatisch starten.
Auto-Continue: Nach Ende der Vorwartezeit den nächsten Cue scharf schalten (zeigt Continue + diese Nachwartezeit).
Auto-Follow: Wenn dieser Cue endet, nächsten Cue scharf schalten (zeigt Follow + diese Nachwartezeit).","Режим последовательности для следующей реплики того же уровня.
Нет: не запускать следующую автоматически.
Автопродолжение: после пред-паузы взвести следующую (Continue + эта пост-пауза).
Автоследование: по завершении этой взвести следующую (Follow + эта пост-пауза).","同じ階層の次キューのシーケンスモード。
なし: 次を自動開始しない。
オートコンティニュー: プリウェイト終了後に次をアーム（Continue + このポストウェイト）。
オートフォロー: このキュー完了時に次をアーム（Follow + このポストウェイト）。","وضع التسلسل للإشارة التالية في نفس المستوى.
لا شيء: لا تبدأ التالية تلقائياً.
متابعة تلقائية: بعد انتهاء الانتظار المسبق تُسلَّح التالية (متابعة + هذا الانتظار اللاحق).
تتبع تلقائي: عند اكتمال هذه تُسلَّح التالية (تتبع + هذا الانتظار اللاحق).","समान स्तर के अगले क्यू का अनुक्रम मोड।
कोई नहीं: अगला स्वतः शुरू न करें।
ऑटो-कंटिन्यू: प्री-वेट के बाद अगला आर्म (Continue + यह पोस्ट-वेट)।
ऑटो-फ़ॉलो: यह क्यू पूरा होने पर अगला आर्म (Follow + यह पोस्ट-वेट)।"
Cue's current level. Edit to add this cell to the multi-cell fade set.,Cue's current level. Edit to add this cell to the multi-cell fade set.,Cue's current level. Edit to add this cell to the multi-cell fade set.,Cue's current level. Edit to add this cell to the multi-cell fade set.,Cue's current level. Edit to add this cell to the multi-cell fade set.,Cue's current level. Edit to add this cell to the multi-cell fade set.,Cue's current level. Edit to add this cell to the multi-cell fade set.,Cue's current level. Edit to add this cell to the multi-cell fade set.,Cue's current level. Edit to add this cell to the multi-cell fade set.
Cue-2 is a simple and free playback software for events.,Cue-2 is a simple and free playback software for events.,Cue-2 is a simple and free playback software for events.,Cue-2 is a simple and free playback software for events.,Cue-2 is a simple and free playback software for events.,Cue-2 is a simple and free playback software for events.,Cue-2 is a simple and free playback software for events.,Cue-2 is a simple and free playback software for events.,Cue-2 is a simple and free playback software for events.
Cue2,Cue2,Cue2,Cue2,Cue2,Cue2,Cue2,Cue2,Cue2
Cue2 ,Cue2 ,Cue2 ,Cue2 ,Cue2 ,Cue2 ,Cue2 ,Cue2 ,Cue2 
Cue2 is up to date.,Cue2 is up to date.,Cue2 is up to date.,Cue2 is up to date.,Cue2 is up to date.,Cue2 is up to date.,Cue2 is up to date.,Cue2 is up to date.,Cue2 is up to date.
Cue2 Log,Cue2 Log,Rātaka Cue2,Registro de Cue2,Cue2-Protokoll,Журнал Cue2,Cue2 ログ,سجل Cue2,Cue2 लॉग
Cue2 Preferences,Cue2 Preferences,Manakohanga Cue2,Preferencias de Cue2,Cue2-Einstellungen,Настройки Cue2,Cue2 の環境設定,تفضيلات Cue2,Cue2 वरीयताएँ
Cue2 Settings,Cue2 Settings,Tautuhinga Cue2,Ajustes de Cue2,Cue2-Einstellungen,Параметры Cue2,Cue2 設定,إعدادات Cue2,Cue2 सेटिंग्स
Cue2 {0} is available.,Cue2 {0} is available.,Cue2 {0} is available.,Cue2 {0} is available.,Cue2 {0} is available.,Cue2 {0} is available.,Cue2 {0} is available.,Cue2 {0} is available.,Cue2 {0} is available.
Cue2 {0} is downloaded and ready to install.,Cue2 {0} is downloaded and ready to install.,Cue2 {0} is downloaded and ready to install.,Cue2 {0} is downloaded and ready to install.,Cue2 {0} is downloaded and ready to install.,Cue2 {0} is downloaded and ready to install.,Cue2 {0} is downloaded and ready to install.,Cue2 {0} is downloaded and ready to install.,Cue2 {0} is downloaded and ready to install.
Cues,Cues,Tohu,Cues,Cues,Реплики,キュー,الإشارات,क्यू
Cut,Cut,Tapahi,Cortar,Ausschneiden,Вырезать,切り取り,قص,कट
Deafult audio output - patching to this will send your audio to the void,Deafult audio output - patching to this will send your audio to the void,Deafult audio output - patching to this will send your audio to the void,Deafult audio output - patching to this will send your audio to the void,Deafult audio output - patching to this will send your audio to the void,Deafult audio output - patching to this will send your audio to the void,Deafult audio output - patching to this will send your audio to the void,Deafult audio output - patching to this will send your audio to the void,Deafult audio output - patching to this will send your audio to the void
Declick ramp,Declick ramp,Declick ramp,Declick ramp,Declick ramp,Declick ramp,Declick ramp,Declick ramp,Declick ramp
Decode / present,Decode / present,Decode / present,Decode / present,Decode / present,Decode / present,Decode / present,Decode / present,Decode / present
"Default audio output for new audio components.
Preferred uses Default Patch (or the first patch).
Routing matrix still builds when a file is assigned.","Default audio output for new audio components.
Preferred uses Default Patch (or the first patch).
Routing matrix still builds when a file is assigned.","Default audio output for new audio components.
Preferred uses Default Patch (or the first patch).
Routing matrix still builds when a file is assigned.","Default audio output for new audio components.
Preferred uses Default Patch (or the first patch).
Routing matrix still builds when a file is assigned.","Default audio output for new audio components.
Preferred uses Default Patch (or the first patch).
Routing matrix still builds when a file is assigned.","Default audio output for new audio components.
Preferred uses Default Patch (or the first patch).
Routing matrix still builds when a file is assigned.","Default audio output for new audio components.
Preferred uses Default Patch (or the first patch).
Routing matrix still builds when a file is assigned.","Default audio output for new audio components.
Preferred uses Default Patch (or the first patch).
Routing matrix still builds when a file is assigned.","Default audio output for new audio components.
Preferred uses Default Patch (or the first patch).
Routing matrix still builds when a file is assigned."
Default background panel colour.,Default background panel colour.,Default background panel colour.,Default background panel colour.,Default background panel colour.,Default background panel colour.,Default background panel colour.,Default background panel colour.,Default background panel colour.
Default delay between trigger and component start for new cues.,Default delay between trigger and component start for new cues.,Default delay between trigger and component start for new cues.,Default delay between trigger and component start for new cues.,Default delay between trigger and component start for new cues.,Default delay between trigger and component start for new cues.,Default delay between trigger and component start for new cues.,Default delay between trigger and component start for new cues.,Default delay between trigger and component start for new cues.
Default duration for still-image components only (not video). 0 or 'Until stopped' = hold until stop.,Default duration for still-image components only (not video). 0 or 'Until stopped' = hold until stop.,Default duration for still-image components only (not video). 0 or 'Until stopped' = hold until stop.,Default duration for still-image components only (not video). 0 or 'Until stopped' = hold until stop.,Default duration for still-image components only (not video). 0 or 'Until stopped' = hold until stop.,Default duration for still-image components only (not video). 0 or 'Until stopped' = hold until stop.,Default duration for still-image components only (not video). 0 or 'Until stopped' = hold until stop.,Default duration for still-image components only (not video). 0 or 'Until stopped' = hold until stop.,Default duration for still-image components only (not video). 0 or 'Until stopped' = hold until stop.
Default embedded audio volume (dB).,Default embedded audio volume (dB).,Default embedded audio volume (dB).,Default embedded audio volume (dB).,Default embedded audio volume (dB).,Default embedded audio volume (dB).,Default embedded audio volume (dB).,Default embedded audio volume (dB).,Default embedded audio volume (dB).
"Default embedded-audio output for new video components.
Preferred uses Default Patch (or the first patch).","Default embedded-audio output for new video components.
Preferred uses Default Patch (or the first patch).","Default embedded-audio output for new video components.
Preferred uses Default Patch (or the first patch).","Default embedded-audio output for new video components.
Preferred uses Default Patch (or the first patch).","Default embedded-audio output for new video components.
Preferred uses Default Patch (or the first patch).","Default embedded-audio output for new video components.
Preferred uses Default Patch (or the first patch).","Default embedded-audio output for new video components.
Preferred uses Default Patch (or the first patch).","Default embedded-audio output for new video components.
Preferred uses Default Patch (or the first patch).","Default embedded-audio output for new video components.
Preferred uses Default Patch (or the first patch)."
Default fade-in duration (0 = immediate).,Default fade-in duration (0 = immediate).,Default fade-in duration (0 = immediate).,Default fade-in duration (0 = immediate).,Default fade-in duration (0 = immediate).,Default fade-in duration (0 = immediate).,Default fade-in duration (0 = immediate).,Default fade-in duration (0 = immediate).,Default fade-in duration (0 = immediate).
Default fade-in duration for new audio components (0 = immediate).,Default fade-in duration for new audio components (0 = immediate).,Default fade-in duration for new audio components (0 = immediate).,Default fade-in duration for new audio components (0 = immediate).,Default fade-in duration for new audio components (0 = immediate).,Default fade-in duration for new audio components (0 = immediate).,Default fade-in duration for new audio components (0 = immediate).,Default fade-in duration for new audio components (0 = immediate).,Default fade-in duration for new audio components (0 = immediate).
Default fade-out duration (0 = immediate / session stop fade).,Default fade-out duration (0 = immediate / session stop fade).,Default fade-out duration (0 = immediate / session stop fade).,Default fade-out duration (0 = immediate / session stop fade).,Default fade-out duration (0 = immediate / session stop fade).,Default fade-out duration (0 = immediate / session stop fade).,Default fade-out duration (0 = immediate / session stop fade).,Default fade-out duration (0 = immediate / session stop fade).,Default fade-out duration (0 = immediate / session stop fade).
Default fade-out duration for new audio components (0 = immediate / session stop fade).,Default fade-out duration for new audio components (0 = immediate / session stop fade).,Default fade-out duration for new audio components (0 = immediate / session stop fade).,Default fade-out duration for new audio components (0 = immediate / session stop fade).,Default fade-out duration for new audio components (0 = immediate / session stop fade).,Default fade-out duration for new audio components (0 = immediate / session stop fade).,Default fade-out duration for new audio components (0 = immediate / session stop fade).,Default fade-out duration for new audio components (0 = immediate / session stop fade).,Default fade-out duration for new audio components (0 = immediate / session stop fade).
Default font colour.,Default font colour.,Default font colour.,Default font colour.,Default font colour.,Default font colour.,Default font colour.,Default font colour.,Default font colour.
Default font size in pixels.,Default font size in pixels.,Default font size in pixels.,Default font size in pixels.,Default font size in pixels.,Default font size in pixels.,Default font size in pixels.,Default font size in pixels.,Default font size in pixels.
"Default for new cues. When on, GO hard-stops any existing instance of that cue before starting another. When off (default), multiple concurrent instances are allowed.","Default for new cues. When on, GO hard-stops any existing instance of that cue before starting another. When off (default), multiple concurrent instances are allowed.","Default for new cues. When on, GO hard-stops any existing instance of that cue before starting another. When off (default), multiple concurrent instances are allowed.","Default for new cues. When on, GO hard-stops any existing instance of that cue before starting another. When off (default), multiple concurrent instances are allowed.","Default for new cues. When on, GO hard-stops any existing instance of that cue before starting another. When off (default), multiple concurrent instances are allowed.","Default for new cues. When on, GO hard-stops any existing instance of that cue before starting another. When off (default), multiple concurrent instances are allowed.","Default for new cues. When on, GO hard-stops any existing instance of that cue before starting another. When off (default), multiple concurrent instances are allowed.","Default for new cues. When on, GO hard-stops any existing instance of that cue before starting another. When off (default), multiple concurrent instances are allowed.","Default for new cues. When on, GO hard-stops any existing instance of that cue before starting another. When off (default), multiple concurrent instances are allowed."
Default hold duration (0 or 'Until stopped' = stay until stop).,Default hold duration (0 or 'Until stopped' = stay until stop).,Default hold duration (0 or 'Until stopped' = stay until stop).,Default hold duration (0 or 'Until stopped' = stay until stop).,Default hold duration (0 or 'Until stopped' = stay until stop).,Default hold duration (0 or 'Until stopped' = stay until stop).,Default hold duration (0 or 'Until stopped' = stay until stop).,Default hold duration (0 or 'Until stopped' = stay until stop).,Default hold duration (0 or 'Until stopped' = stay until stop).
"Default layout, opacity, loop, embedded audio, image duration, and fades for new video components.","Default layout, opacity, loop, embedded audio, image duration, and fades for new video components.","Default layout, opacity, loop, embedded audio, image duration, and fades for new video components.","Default layout, opacity, loop, embedded audio, image duration, and fades for new video components.","Default layout, opacity, loop, embedded audio, image duration, and fades for new video components.","Default layout, opacity, loop, embedded audio, image duration, and fades for new video components.","Default layout, opacity, loop, embedded audio, image duration, and fades for new video components.","Default layout, opacity, loop, embedded audio, image duration, and fades for new video components.","Default layout, opacity, loop, embedded audio, image duration, and fades for new video components."
Default number of plays when loop is off.,Default number of plays when loop is off.,Default number of plays when loop is off.,Default number of plays when loop is off.,Default number of plays when loop is off.,Default number of plays when loop is off.,Default number of plays when loop is off.,Default number of plays when loop is off.,Default number of plays when loop is off.
Default opacity (0–100%) for new video components.,Default opacity (0–100%) for new video components.,Default opacity (0–100%) for new video components.,Default opacity (0–100%) for new video components.,Default opacity (0–100%) for new video components.,Default opacity (0–100%) for new video components.,Default opacity (0–100%) for new video components.,Default opacity (0–100%) for new video components.,Default opacity (0–100%) for new video components.
Default opacity (0–100%).,Default opacity (0–100%).,Default opacity (0–100%).,Default opacity (0–100%).,Default opacity (0–100%).,Default opacity (0–100%).,Default opacity (0–100%).,Default opacity (0–100%).,Default opacity (0–100%).
Default outline colour.,Default outline colour.,Default outline colour.,Default outline colour.,Default outline colour.,Default outline colour.,Default outline colour.,Default outline colour.,Default outline colour.
Default outline thickness in pixels (0 = none).,Default outline thickness in pixels (0 = none).,Default outline thickness in pixels (0 = none).,Default outline thickness in pixels (0 = none).,Default outline thickness in pixels (0 = none).,Default outline thickness in pixels (0 = none).,Default outline thickness in pixels (0 = none).,Default outline thickness in pixels (0 = none).,Default outline thickness in pixels (0 = none).
Default post-wait for Auto-continue / Auto-follow on new cues.,Default post-wait for Auto-continue / Auto-follow on new cues.,Default post-wait for Auto-continue / Auto-follow on new cues.,Default post-wait for Auto-continue / Auto-follow on new cues.,Default post-wait for Auto-continue / Auto-follow on new cues.,Default post-wait for Auto-continue / Auto-follow on new cues.,Default post-wait for Auto-continue / Auto-follow on new cues.,Default post-wait for Auto-continue / Auto-follow on new cues.,Default post-wait for Auto-continue / Auto-follow on new cues.
"Default sequence mode for new cues.
None: Do not auto-start the next cue.
Auto-continue: After pre-wait ends, arm the next cue.
Auto-follow: When this cue completes, arm the next cue.","Default sequence mode for new cues.
None: Do not auto-start the next cue.
Auto-continue: After pre-wait ends, arm the next cue.
Auto-follow: When this cue completes, arm the next cue.","Default sequence mode for new cues.
None: Do not auto-start the next cue.
Auto-continue: After pre-wait ends, arm the next cue.
Auto-follow: When this cue completes, arm the next cue.","Default sequence mode for new cues.
None: Do not auto-start the next cue.
Auto-continue: After pre-wait ends, arm the next cue.
Auto-follow: When this cue completes, arm the next cue.","Default sequence mode for new cues.
None: Do not auto-start the next cue.
Auto-continue: After pre-wait ends, arm the next cue.
Auto-follow: When this cue completes, arm the next cue.","Default sequence mode for new cues.
None: Do not auto-start the next cue.
Auto-continue: After pre-wait ends, arm the next cue.
Auto-follow: When this cue completes, arm the next cue.","Default sequence mode for new cues.
None: Do not auto-start the next cue.
Auto-continue: After pre-wait ends, arm the next cue.
Auto-follow: When this cue completes, arm the next cue.","Default sequence mode for new cues.
None: Do not auto-start the next cue.
Auto-continue: After pre-wait ends, arm the next cue.
Auto-follow: When this cue completes, arm the next cue.","Default sequence mode for new cues.
None: Do not auto-start the next cue.
Auto-continue: After pre-wait ends, arm the next cue.
Auto-follow: When this cue completes, arm the next cue."
Default shell colour for new cues.,Default shell colour for new cues.,Default shell colour for new cues.,Default shell colour for new cues.,Default shell colour for new cues.,Default shell colour for new cues.,Default shell colour for new cues.,Default shell colour for new cues.,Default shell colour for new cues.
"Default shell properties for newly created cues (pre-wait, colour, arming, etc.).","Default shell properties for newly created cues (pre-wait, colour, arming, etc.).","Default shell properties for newly created cues (pre-wait, colour, arming, etc.).","Default shell properties for newly created cues (pre-wait, colour, arming, etc.).","Default shell properties for newly created cues (pre-wait, colour, arming, etc.).","Default shell properties for newly created cues (pre-wait, colour, arming, etc.).","Default shell properties for newly created cues (pre-wait, colour, arming, etc.).","Default shell properties for newly created cues (pre-wait, colour, arming, etc.).","Default shell properties for newly created cues (pre-wait, colour, arming, etc.)."
Default stereo pan (balance) for new audio components.,Default stereo pan (balance) for new audio components.,Default stereo pan (balance) for new audio components.,Default stereo pan (balance) for new audio components.,Default stereo pan (balance) for new audio components.,Default stereo pan (balance) for new audio components.,Default stereo pan (balance) for new audio components.,Default stereo pan (balance) for new audio components.,Default stereo pan (balance) for new audio components.
Default stereo pan for embedded audio.,Default stereo pan for embedded audio.,Default stereo pan for embedded audio.,Default stereo pan for embedded audio.,Default stereo pan for embedded audio.,Default stereo pan for embedded audio.,Default stereo pan for embedded audio.,Default stereo pan for embedded audio.,Default stereo pan for embedded audio.
Default target layer for new text components.,Default target layer for new text components.,Default target layer for new text components.,Default target layer for new text components.,Default target layer for new text components.,Default target layer for new text components.,Default target layer for new text components.,Default target layer for new text components.,Default target layer for new text components.
Default TextureRect expand mode for new video components.,Default TextureRect expand mode for new video components.,Default TextureRect expand mode for new video components.,Default TextureRect expand mode for new video components.,Default TextureRect expand mode for new video components.,Default TextureRect expand mode for new video components.,Default TextureRect expand mode for new video components.,Default TextureRect expand mode for new video components.,Default TextureRect expand mode for new video components.
Default TextureRect stretch mode for new video components.,Default TextureRect stretch mode for new video components.,Default TextureRect stretch mode for new video components.,Default TextureRect stretch mode for new video components.,Default TextureRect stretch mode for new video components.,Default TextureRect stretch mode for new video components.,Default TextureRect stretch mode for new video components.,Default TextureRect stretch mode for new video components.,Default TextureRect stretch mode for new video components.
"Default typography, alignment, duration, outline/background, and fades for new text components.","Default typography, alignment, duration, outline/background, and fades for new text components.","Default typography, alignment, duration, outline/background, and fades for new text components.","Default typography, alignment, duration, outline/background, and fades for new text components.","Default typography, alignment, duration, outline/background, and fades for new text components.","Default typography, alignment, duration, outline/background, and fades for new text components.","Default typography, alignment, duration, outline/background, and fades for new text components.","Default typography, alignment, duration, outline/background, and fades for new text components.","Default typography, alignment, duration, outline/background, and fades for new text components."
Default uniform padding inside the layer (pixels).,Default uniform padding inside the layer (pixels).,Default uniform padding inside the layer (pixels).,Default uniform padding inside the layer (pixels).,Default uniform padding inside the layer (pixels).,Default uniform padding inside the layer (pixels).,Default uniform padding inside the layer (pixels).,Default uniform padding inside the layer (pixels).,Default uniform padding inside the layer (pixels).
Default video target layer for new video/image components.,Default video target layer for new video/image components.,Default video target layer for new video/image components.,Default video target layer for new video/image components.,Default video target layer for new video/image components.,Default video target layer for new video/image components.,Default video target layer for new video/image components.,Default video target layer for new video/image components.,Default video target layer for new video/image components.
Default volume for new audio components (dB).,Default volume for new audio components (dB).,Default volume for new audio components (dB).,Default volume for new audio components (dB).,Default volume for new audio components (dB).,Default volume for new audio components (dB).,Default volume for new audio components (dB).,Default volume for new audio components (dB).,Default volume for new audio components (dB).
"Default volume, pan, loop, play count, and fades for new audio components.","Default volume, pan, loop, play count, and fades for new audio components.","Default volume, pan, loop, play count, and fades for new audio components.","Default volume, pan, loop, play count, and fades for new audio components.","Default volume, pan, loop, play count, and fades for new audio components.","Default volume, pan, loop, play count, and fades for new audio components.","Default volume, pan, loop, play count, and fades for new audio components.","Default volume, pan, loop, play count, and fades for new audio components.","Default volume, pan, loop, play count, and fades for new audio components."
Defaults applied to every newly created cue.,Defaults applied to every newly created cue.,Defaults applied to every newly created cue.,Defaults applied to every newly created cue.,Defaults applied to every newly created cue.,Defaults applied to every newly created cue.,Defaults applied to every newly created cue.,Defaults applied to every newly created cue.,Defaults applied to every newly created cue.
Defaults applied when a new audio component is created. File path and routing matrix stay independent of these defaults.,Defaults applied when a new audio component is created. File path and routing matrix stay independent of these defaults.,Defaults applied when a new audio component is created. File path and routing matrix stay independent of these defaults.,Defaults applied when a new audio component is created. File path and routing matrix stay independent of these defaults.,Defaults applied when a new audio component is created. File path and routing matrix stay independent of these defaults.,Defaults applied when a new audio component is created. File path and routing matrix stay independent of these defaults.,Defaults applied when a new audio component is created. File path and routing matrix stay independent of these defaults.,Defaults applied when a new audio component is created. File path and routing matrix stay independent of these defaults.,Defaults applied when a new audio component is created. File path and routing matrix stay independent of these defaults.
Defaults applied when a new text component is created. Content starts empty.,Defaults applied when a new text component is created. Content starts empty.,Defaults applied when a new text component is created. Content starts empty.,Defaults applied when a new text component is created. Content starts empty.,Defaults applied when a new text component is created. Content starts empty.,Defaults applied when a new text component is created. Content starts empty.,Defaults applied when a new text component is created. Content starts empty.,Defaults applied when a new text component is created. Content starts empty.,Defaults applied when a new text component is created. Content starts empty.
Defaults applied when a new video or image component is created. File path and routing matrix stay independent of these defaults.,Defaults applied when a new video or image component is created. File path and routing matrix stay independent of these defaults.,Defaults applied when a new video or image component is created. File path and routing matrix stay independent of these defaults.,Defaults applied when a new video or image component is created. File path and routing matrix stay independent of these defaults.,Defaults applied when a new video or image component is created. File path and routing matrix stay independent of these defaults.,Defaults applied when a new video or image component is created. File path and routing matrix stay independent of these defaults.,Defaults applied when a new video or image component is created. File path and routing matrix stay independent of these defaults.,Defaults applied when a new video or image component is created. File path and routing matrix stay independent of these defaults.,Defaults applied when a new video or image component is created. File path and routing matrix stay independent of these defaults.
Delete,Delete,Muku,Eliminar,Löschen,Удалить,削除,حذف,हटाएँ
Delete all selected cues (and any child cues).,Delete all selected cues (and any child cues).,Muku ngā tohu katoa kua tīpakohia (me ngā tohu tamaiti).,Eliminar todas las cues seleccionadas (y cualquier cue hija).,Alle ausgewählten Cues (und Kind-Cues) löschen.,Удалить все выделенные реплики (и дочерние).,選択したすべてのキュー（子キュー含む）を削除します。,حذف كل الإشارات المحددة (وأي إشارات فرعية).,सभी चयनित क्यू (और चाइल्ड क्यू) हटाएँ।
Delete Cue,Delete Cue,Muku tohu,Eliminar cue,Cue löschen,Удалить реплику,キューを削除,حذف الإشارة,क्यू हटाएँ
Delete Cue Light,Delete Cue Light,Muku rama tohu,Eliminar Cue Light,Cue-Light löschen,Удалить Cue Light,キューライトを削除,حذف ضوء الإشارة,क्यू लाइट हटाएँ
"Delete folder '/{0}' and all of its contents?
This cannot be undone.","Delete folder '/{0}' and all of its contents?
This cannot be undone.","Mukua te kōpaki '/{0}' me ōna katoa?
Kāore e taea te wete.","¿Eliminar la carpeta '/{0}' y todo su contenido?
No se puede deshacer.","Ordner „/{0}“ und den gesamten Inhalt löschen?
Das kann nicht rückgängig gemacht werden.","Удалить папку «/{0}» и всё содержимое?
Это нельзя отменить.","フォルダ「/{0}」とその中身をすべて削除しますか？
元に戻せません。","حذف المجلد «/{0}» وكل محتوياته؟
لا يمكن التراجع.","फ़ोल्डर '/{0}' और उसकी सारी सामग्री हटाएँ?
यह पूर्ववत नहीं होगा।"
Delete Layer,Delete Layer,Muku paparanga,Eliminar capa,Ebene löschen,Удалить слой,レイヤーを削除,حذف الطبقة,परत हटाएँ
"Delete library cue '{0}'?
This cannot be undone.","Delete library cue '{0}'?
This cannot be undone.","Mukua te tohu puna '{0}'?
Kāore e taea te wete.","¿Eliminar la cue de biblioteca '{0}'?
No se puede deshacer.","Bibliotheks-Cue „{0}“ löschen?
Das kann nicht rückgängig gemacht werden.","Удалить реплику библиотеки «{0}»?
Это нельзя отменить.","ライブラリキュー「{0}」を削除しますか？
元に戻せません。","حذف إشارة المكتبة «{0}»؟
لا يمكن التراجع.","लाइब्रेरी क्यू '{0}' हटाएँ?
यह पूर्ववत नहीं होगा।"
Delete Patch,Delete Patch,Muku pātene,Eliminar parche,Patch löschen,Удалить патч,パッチを削除,حذف التصحيح,पैच हटाएँ
Delete resource?,Delete resource?,Delete resource?,Delete resource?,Delete resource?,Delete resource?,Delete resource?,Delete resource?,Delete resource?
Delete Screen,Delete Screen,Muku mata,Eliminar pantalla,Bildschirm löschen,Удалить экран,スクリーンを削除,حذف الشاشة,स्क्रीन हटाएँ
Delete the selected entry or folder.,Delete the selected entry or folder.,"Mukua te tāurunga, te kōpaki rānei kua tīpakohia.",Eliminar la entrada o carpeta seleccionada.,Ausgewählten Eintrag oder Ordner löschen.,Удалить выбранную запись или папку.,選択した項目またはフォルダを削除。,حذف الإدخال أو المجلد المحدد.,चयनित प्रविष्टि या फ़ोल्डर हटाएँ।
Delete this channel,Delete this channel,Delete this channel,Delete this channel,Delete this channel,Delete this channel,Delete this channel,Delete this channel,Delete this channel
Delete this cue (and any child cues).,Delete this cue (and any child cues).,Muku tēnei tohu (me ngā tohu tamaiti).,Eliminar esta cue (y cualquier cue hija).,Diesen Cue (und Kind-Cues) löschen.,Удалить эту реплику (и дочерние).,このキュー（子キュー含む）を削除します。,حذف هذه الإشارة (وأي إشارات فرعية).,यह क्यू (और चाइल्ड क्यू) हटाएँ।
Delete {0}?,Delete {0}?,Mukua {0}?,¿Eliminar {0}?,{0} löschen?,Удалить {0}?,{0} を削除しますか？,حذف {0}؟,{0} हटाएँ?
Desktop X position of the portable window,Desktop X position of the portable window,Desktop X position of the portable window,Desktop X position of the portable window,Desktop X position of the portable window,Desktop X position of the portable window,Desktop X position of the portable window,Desktop X position of the portable window,Desktop X position of the portable window
Desktop Y position of the portable window,Desktop Y position of the portable window,Desktop Y position of the portable window,Desktop Y position of the portable window,Desktop Y position of the portable window,Desktop Y position of the portable window,Desktop Y position of the portable window,Desktop Y position of the portable window,Desktop Y position of the portable window
Destination,Destination,Ūnga,Destino,Ziel,Назначение,宛先,الوجهة,गंतव्य
Device,Device,Pūrere,Dispositivo,Gerät,Устройство,デバイス,الجهاز,डिवाइस
Devices,Devices,Pūrere,Dispositivos,Geräte,Устройства,デバイス,الأجهزة,डिवाइस
"Devices

No audio or video devices are currently used or configured.","Devices

No audio or video devices are currently used or configured.","Pūrere

Kāore he pūrere oro, ataata rānei e whakamahia ana, e whirihora ana rānei.","Dispositivos

No hay dispositivos de audio o vídeo en uso o configurados.","Geräte

Derzeit werden keine Audio- oder Videogeräte verwendet oder konfiguriert.","Устройства

Аудио или видео сейчас не используется и не настроено.","デバイス

使用中または設定済みの音声・映像デバイスはありません。","الأجهزة

لا تُستخدم أو تُعدّ أجهزة صوت أو فيديو حالياً.","डिवाइस

कोई ऑडियो या वीडियो डिवाइस उपयोग या कॉन्फ़िगर नहीं है।"
Devices:,Devices:,Pūrere:,Dispositivos:,Geräte:,Устройства:,デバイス:,الأجهزة:,डिवाइस:
DHCP,DHCP,DHCP,DHCP,DHCP,DHCP,DHCP,DHCP,DHCP
Direct Output: {0},Direct Output: {0},Putanga tika: {0},Salida directa: {0},Direktausgabe: {0},Прямой выход: {0},直接出力: {0},مخرج مباشر: {0},डायरेक्ट आउटपुट: {0}
Disable output,Disable output,Monokia te putanga,Desactivar salida,Ausgabe deaktivieren,Отключить выход,出力を無効化,تعطيل المخرج,आउटपुट अक्षम करें
"Disable/blackout, background colour, and machine video performance preferences.","Disable/blackout, background colour, and machine video performance preferences.","Disable/blackout, background colour, and machine video performance preferences.","Disable/blackout, background colour, and machine video performance preferences.","Disable/blackout, background colour, and machine video performance preferences.","Disable/blackout, background colour, and machine video performance preferences.","Disable/blackout, background colour, and machine video performance preferences.","Disable/blackout, background colour, and machine video performance preferences.","Disable/blackout, background colour, and machine video performance preferences."
Disabled ({0}),Disabled ({0}),Kua monokia ({0}),Desactivado ({0}),Deaktiviert ({0}),Отключено ({0}),無効 ({0}),معطّل ({0}),अक्षम ({0})
Disarm.,Disarm.,Wete pū.,Desarmar.,Entschärfen.,Снять взвод.,ディスアーム。,نزع التسليح.,डिस्आर्म।
Disconnected,Disconnected,Kua wehe,Desconectado,Getrennt,Отключено,切断,غير متصل,डिस्कनेक्टेड
Display Offset,Display Offset,Nekehanga whakaatu,Desplazamiento de pantalla,Anzeigeversatz,Смещение экрана,ディスプレイオフセット,إزاحة العرض,डिस्प्ले ऑफ़सेट
Documentation — docs.cue2.live,Documentation — docs.cue2.live,Tuhinga — docs.cue2.live,Documentación — docs.cue2.live,Dokumentation — docs.cue2.live,Документация — docs.cue2.live,ドキュメント — docs.cue2.live,التوثيق — docs.cue2.live,दस्तावेज़ — docs.cue2.live
Documentation…,Documentation…,Tuhinga…,Documentación…,Dokumentation…,Документация…,ドキュメント…,التوثيق…,दस्तावेज़…
Double Go Protection,Double Go Protection,Tiaki GO taurua,Protección de doble GO,Doppel-GO-Schutz,Защита от двойного GO,ダブル GO 防止,حماية GO المزدوج,डबल GO सुरक्षा
Download,Download,Download,Download,Download,Download,Download,Download,Download
Downloading…,Downloading…,Downloading…,Downloading…,Downloading…,Downloading…,Downloading…,Downloading…,Downloading…
Drag horizontally to resize Pre-Wait / Duration / Post-Wait columns.,Drag horizontally to resize Pre-Wait / Duration / Post-Wait columns.,Drag horizontally to resize Pre-Wait / Duration / Post-Wait columns.,Drag horizontally to resize Pre-Wait / Duration / Post-Wait columns.,Drag horizontally to resize Pre-Wait / Duration / Post-Wait columns.,Drag horizontally to resize Pre-Wait / Duration / Post-Wait columns.,Drag horizontally to resize Pre-Wait / Duration / Post-Wait columns.,Drag horizontally to resize Pre-Wait / Duration / Post-Wait columns.,Drag horizontally to resize Pre-Wait / Duration / Post-Wait columns.
Drag to resize Number / Name columns,Drag to resize Number / Name columns,Drag to resize Number / Name columns,Drag to resize Number / Name columns,Drag to resize Number / Name columns,Drag to resize Number / Name columns,Drag to resize Number / Name columns,Drag to resize Number / Name columns,Drag to resize Number / Name columns
Drag: move  ·  Handles: resize  ·  Click: select  ·  Ctrl+Scroll: zoom  ·  MMB: pan  ·  Fit: fit view,Drag: move  ·  Handles: resize  ·  Click: select  ·  Ctrl+Scroll: zoom  ·  MMB: pan  ·  Fit: fit view,Drag: move  ·  Handles: resize  ·  Click: select  ·  Ctrl+Scroll: zoom  ·  MMB: pan  ·  Fit: fit view,Drag: move  ·  Handles: resize  ·  Click: select  ·  Ctrl+Scroll: zoom  ·  MMB: pan  ·  Fit: fit view,Drag: move  ·  Handles: resize  ·  Click: select  ·  Ctrl+Scroll: zoom  ·  MMB: pan  ·  Fit: fit view,Drag: move  ·  Handles: resize  ·  Click: select  ·  Ctrl+Scroll: zoom  ·  MMB: pan  ·  Fit: fit view,Drag: move  ·  Handles: resize  ·  Click: select  ·  Ctrl+Scroll: zoom  ·  MMB: pan  ·  Fit: fit view,Drag: move  ·  Handles: resize  ·  Click: select  ·  Ctrl+Scroll: zoom  ·  MMB: pan  ·  Fit: fit view,Drag: move  ·  Handles: resize  ·  Click: select  ·  Ctrl+Scroll: zoom  ·  MMB: pan  ·  Fit: fit view
Drop Location: Cue List,Drop Location: Cue List,Wāhi tuku: Rārangi tohu,Ubicación: lista de cues,Ablageort: Cueliste,Место сброса: список реплик,ドロップ先: キューリスト,موقع الإسقاط: قائمة الإشارات,ड्रॉप स्थान: क्यू सूची
Drop Location: Cue Number: - Name: ,Drop Location: Cue Number: - Name: ,Drop Location: Cue Number: - Name: ,Drop Location: Cue Number: - Name: ,Drop Location: Cue Number: - Name: ,Drop Location: Cue Number: - Name: ,Drop Location: Cue Number: - Name: ,Drop Location: Cue Number: - Name: ,Drop Location: Cue Number: - Name: 
Drop Location: Cue Number: {0} - Name: {1},Drop Location: Cue Number: {0} - Name: {1},Wāhi tuku: Tau tohu: {0} - Ingoa: {1},Ubicación: número de cue: {0} - nombre: {1},Ablageort: Cue-Nummer: {0} – Name: {1},Место сброса: номер {0} — имя {1},ドロップ先: キュー番号: {0} - 名前: {1},موقع الإسقاط: رقم الإشارة: {0} - الاسم: {1},ड्रॉप स्थान: क्यू नंबर: {0} - नाम: {1}
Drop Location: {0},Drop Location: {0},Wāhi tuku: {0},Ubicación: {0},Ablageort: {0},Место сброса: {0},ドロップ先: {0},موقع الإسقاط: {0},ड्रॉप स्थान: {0}
Drop Location: —,Drop Location: —,Wāhi tuku: —,Ubicación: —,Ablageort: —,Место сброса: —,ドロップ先: —,موقع الإسقاط: —,ड्रॉप स्थान: —
Duplicate,Duplicate,Tāruarua,Duplicar,Duplizieren,Дублировать,複製,تكرار,डुप्लिकेट
Dur,Dur,Dur,Dur,Dur,Dur,Dur,Dur,Dur
Duration,Duration,Roanga,Duración,Dauer,Длительность,長さ,المدة,अवधि
"Duration is the full length of the cue, including its children, pre-wait, components contents and post-wait.","Duration is the full length of the cue, including its children, pre-wait, components contents and post-wait.","Ko te roanga te roa katoa o te tohu, tae atu ki ngā tamariki, tataritanga-mua, ihirangi wae me te tataritanga-muri.","La duración es la longitud total de la cue, incluidos hijos, preespera, componentes y postespera.","Dauer ist die volle Länge des Cues inklusive Kinder, Vorwartezeit, Komponenten und Nachwartezeit.","Длительность — полная длина реплики, включая дочерние, пред-паузу, содержимое и пост-паузу.",長さはキュー全体（子、プリウェイト、コンポーネント、ポストウェイトを含む）。,المدة هي الطول الكامل للإشارة بما في ذلك الأبناء والانتظار المسبق والمكوّنات والانتظار اللاحق.,"अवधि पूरे क्यू की लंबाई है — चाइल्ड, प्री-वेट, घटक और पोस्ट-वेट सहित।"
Duration:,Duration:,Roanga:,Duración:,Dauer:,Длительность:,長さ:,المدة:,अवधि:
Duration: {0},Duration: {0},Roanga: {0},Duración: {0},Dauer: {0},Длительность: {0},長さ: {0},المدة: {0},अवधि: {0}
Edit,Edit,Whakatika,Editar,Bearbeiten,Правка,編集,تحرير,संपादन
Edit Mode,Edit Mode,Aratau whakatika,Modo edición,Bearbeitungsmodus,Режим правки,編集モード,وضع التحرير,संपादन मोड
Editing,Editing,Whakatika,Edición,Bearbeitung,Редактирование,編集中,التحرير,संपादन
"Editing {0} on {1} of {2} selected cue(s).
Cue IDs: {3}","Editing {0} on {1} of {2} selected cue(s).
Cue IDs: {3}","E whakatika ana i {0} i runga i {1} o {2} tohu kua tīpakohia.
ID tohu: {3}","Editando {0} en {1} de {2} cue(s) seleccionadas.
IDs: {3}","{0} wird auf {1} von {2} ausgewählten Cue(s) bearbeitet.
Cue-IDs: {3}","Редактирование {0} на {1} из {2} выделенных.
ID реплик: {3}","選択 {2} 件中 {1} 件の {0} を編集中。
キュー ID: {3}","تحرير {0} على {1} من {2} إشارة محددة.
معرّفات الإشارات: {3}","{2} में से {1} चयनित क्यू पर {0} संपादित हो रहा है।
क्यू आईडी: {3}"
Editor builds do not register file types.,Editor builds do not register file types.,Editor builds do not register file types.,Editor builds do not register file types.,Editor builds do not register file types.,Editor builds do not register file types.,Editor builds do not register file types.,Editor builds do not register file types.,Editor builds do not register file types.
Embedded audio,Embedded audio,Oro tāmau,Audio incrustado,Eingebettetes Audio,Встроенное аудио,埋め込み音声,صوت مضمّن,एम्बेडेड ऑडियो
"empty = all · e.g. 192.168.1.10, 10.0.0.5","empty = all · e.g. 192.168.1.10, 10.0.0.5","empty = all · e.g. 192.168.1.10, 10.0.0.5","empty = all · e.g. 192.168.1.10, 10.0.0.5","empty = all · e.g. 192.168.1.10, 10.0.0.5","empty = all · e.g. 192.168.1.10, 10.0.0.5","empty = all · e.g. 192.168.1.10, 10.0.0.5","empty = all · e.g. 192.168.1.10, 10.0.0.5","empty = all · e.g. 192.168.1.10, 10.0.0.5"
Empty Component,Empty Component,Wae kau,Componente vacío,Leere Komponente,Пустой компонент,空のコンポーネント,مكوّن فارغ,खाली घटक
Enable MIDI,Enable MIDI,Whakahohe MIDI,Activar MIDI,MIDI aktivieren,Включить MIDI,MIDI を有効化,تمكين MIDI,MIDI सक्षम करें
Enable OSC Listener,Enable OSC Listener,Whakahohe kaiwhakarongo OSC,Activar oyente OSC,OSC-Empfänger aktivieren,Включить OSC-слушатель,OSC リスナーを有効化,تمكين مستمع OSC,OSC श्रोता सक्षम करें
Enabled,Enabled,Kua whakahohea,Activado,Aktiviert,Включено,有効,ممكّن,सक्षम
"Enabled
Disable/Enable - When disabled it maintains connection to the unit but does not send any cues. ","Enabled
Disable/Enable - When disabled it maintains connection to the unit but does not send any cues. ","Enabled
Disable/Enable - When disabled it maintains connection to the unit but does not send any cues. ","Enabled
Disable/Enable - When disabled it maintains connection to the unit but does not send any cues. ","Enabled
Disable/Enable - When disabled it maintains connection to the unit but does not send any cues. ","Enabled
Disable/Enable - When disabled it maintains connection to the unit but does not send any cues. ","Enabled
Disable/Enable - When disabled it maintains connection to the unit but does not send any cues. ","Enabled
Disable/Enable - When disabled it maintains connection to the unit but does not send any cues. ","Enabled
Disable/Enable - When disabled it maintains connection to the unit but does not send any cues. "
Enabled but not listening ({0}),Enabled but not listening ({0}),Kua whakahohea ēngari kāore e whakarongo ({0}),Activado pero no escucha ({0}),"Aktiviert, aber nicht empfangend ({0})","Включено, но не слушает ({0})",有効だが受信していません ({0}),ممكّن لكن لا يستمع ({0}),सक्षम है पर सुन नहीं रहा ({0})
Enabled · not bound,Enabled · not bound,Kua whakahohea · kāore i herea,Activado · sin asignar,Aktiviert · nicht gebunden,Включено · не привязано,有効 · 未バインド,ممكّن · غير مرتبط,सक्षम · बाउंड नहीं
End time (drag),End time (drag),Wā mutunga (tō),Hora de fin (arrastrar),Endzeit (ziehen),Время конца (перетащите),終了時間（ドラッグ）,وقت النهاية (اسحب),समाप्ति समय (खींचें)
End time undefined (plays full file),End time undefined (plays full file),End time undefined (plays full file),End time undefined (plays full file),End time undefined (plays full file),End time undefined (plays full file),End time undefined (plays full file),End time undefined (plays full file),End time undefined (plays full file)
End Time:,End Time:,Wā mutunga:,Hora de fin:,Endzeit:,Время конца:,終了時間:,وقت النهاية:,समाप्ति समय:
Enter overlay text…,Enter overlay text…,Tāuruhia te kupu paparunga…,Escribe el texto de superposición…,Overlay-Text eingeben…,Введите текст оверлея…,オーバーレイテキストを入力…,أدخل نص التراكب…,ओवरले टेक्स्ट लिखें…
Ethernet,Ethernet,Ihanet,Ethernet,Ethernet,Ethernet,Ethernet,إيثرنت,ईथरनेट
Every day,Every day,Ia rā,Todos los días,Jeden Tag,Каждый день,毎日,كل يوم,हर दिन
Exit,Exit,Puta,Salir,Beenden,Выход,終了,خروج,बाहर निकलें
Exit Cue2,Exit Cue2,Puta i a Cue2,Salir de Cue2,Cue2 beenden,Выйти из Cue2,Cue2 を終了,الخروج من Cue2,Cue2 से बाहर निकलें
Expand,Expand,Whakawhānui,Expandir,Erweitern,Развернуть,展開,توسيع,विस्तार
Expand / Collapse All,Expand / Collapse All,Whakawhānui / Whakaiti katoa,Expandir / Contraer todo,Alle auf-/zuklappen,Развернуть / свернуть все,すべて展開 / 折りたたみ,توسيع / طي الكل,सभी खोलें / समेटें
Expand channels,Expand channels,Expand channels,Expand channels,Expand channels,Expand channels,Expand channels,Expand channels,Expand channels
Expand One Layer,Expand One Layer,Whakawhānui taumata kotahi,Expandir un nivel,Eine Ebene ausklappen,Развернуть один уровень,1 階層展開,توسيع طبقة واحدة,एक परत खोलें
Expand/Collapse all groups.,Expand/Collapse all groups.,Whakawhānui / whakaiti i ngā rōpū katoa.,Expandir / contraer todos los grupos.,Alle Gruppen auf-/zuklappen.,Развернуть / свернуть все группы.,すべてのグループを展開 / 折りたたみ。,توسيع / طي كل المجموعات.,सभी समूह खोलें / समेटें।
Expand:,Expand:,Whakawhānui:,Expandir:,Erweitern:,Развернуть:,展開:,توسيع:,विस्तार:
Fade,Fade,Memeha,Fundido,Überblendung,Фейд,フェード,تدرج,फ़ेड
Fade audio volume and/or video opacity on a target cue.,Fade audio volume and/or video opacity on a target cue.,Memehatia te kahaoro me/rānei te pūataata o tētahi tohu ūnga.,Fundir volumen de audio y/o opacidad de vídeo en una cue destino.,Audiolautstärke und/oder Videodeckkraft eines Ziel-Cues überblenden.,Плавное изменение громкости и/или непрозрачности целевой реплики.,対象キューの音量や映像の不透明度をフェード。,تدرج مستوى الصوت و/أو عتامة الفيديو على إشارة مستهدفة.,लक्ष्य क्यू पर ऑडियो वॉल्यूम और/या वीडियो अपारदर्शिता फ़ेड करें।
Fade in,Fade in,Memeha-mai,Fundido de entrada,Einblenden,Нарастание,フェードイン,تدرج دخول,फ़ेड इन
Fade in:,Fade in:,Memeha-mai:,Fundido de entrada:,Einblenden:,Нарастание:,フェードイン:,تدرج دخول:,फ़ेड इन:
Fade out,Fade out,Memeha-atu,Fundido de salida,Ausblenden,Затухание,フェードアウト,تدرج خروج,फ़ेड आउट
Fade out:,Fade out:,Memeha-atu:,Fundido de salida:,Ausblenden:,Затухание:,フェードアウト:,تدرج خروج:,फ़ेड आउट:
Fade time for this control action.,Fade time for this control action.,Wā memeha mō tēnei mahi whakahaere.,Tiempo de fundido de esta acción de control.,Überblendzeit für diese Steueraktion.,Время фейда для этого действия управления.,このコントロール操作のフェード時間。,زمن التدرج لإجراء التحكم هذا.,इस नियंत्रण क्रिया का फ़ेड समय।
Fade-in duration at play start (0 = immediate).,Fade-in duration at play start (0 = immediate).,Roanga memeha-mai i te tīmatanga (0 = tonu).,Duración del fundido de entrada al empezar (0 = inmediato).,Einblenddauer beim Start (0 = sofort).,Длительность нарастания при старте (0 = сразу).,再生開始時のフェードイン（0 = 即時）。,مدة تدرج الدخول عند بدء التشغيل (0 = فوري).,प्ले शुरू पर फ़ेड-इन अवधि (0 = तुरंत)।
Fade-out duration on stop (0 = immediate / session stop fade).,Fade-out duration on stop (0 = immediate / session stop fade).,Roanga memeha-atu i te tū (0 = tonu / memeha tū o te wātū).,Duración del fundido de salida al parar (0 = inmediato / fundido de parada de sesión).,Ausblenddauer beim Stopp (0 = sofort / Sitzungs-Stopp-Fade).,Длительность затухания при стопе (0 = сразу / фейд стопа сессии).,停止時のフェードアウト（0 = 即時 / セッションの停止フェード）。,مدة تدرج الخروج عند الإيقاف (0 = فوري / تدرج إيقاف الجلسة).,स्टॉप पर फ़ेड-आउट अवधि (0 = तुरंत / सत्र स्टॉप फ़ेड)।
"Fade-out duration when Stop is pressed (seconds).
First Stop fades out; second Stop while fading hard-stops.
Set to 0 for immediate stop.","Fade-out duration when Stop is pressed (seconds).
First Stop fades out; second Stop while fading hard-stops.
Set to 0 for immediate stop.","Fade-out duration when Stop is pressed (seconds).
First Stop fades out; second Stop while fading hard-stops.
Set to 0 for immediate stop.","Fade-out duration when Stop is pressed (seconds).
First Stop fades out; second Stop while fading hard-stops.
Set to 0 for immediate stop.","Fade-out duration when Stop is pressed (seconds).
First Stop fades out; second Stop while fading hard-stops.
Set to 0 for immediate stop.","Fade-out duration when Stop is pressed (seconds).
First Stop fades out; second Stop while fading hard-stops.
Set to 0 for immediate stop.","Fade-out duration when Stop is pressed (seconds).
First Stop fades out; second Stop while fading hard-stops.
Set to 0 for immediate stop.","Fade-out duration when Stop is pressed (seconds).
First Stop fades out; second Stop while fading hard-stops.
Set to 0 for immediate stop.","Fade-out duration when Stop is pressed (seconds).
First Stop fades out; second Stop while fading hard-stops.
Set to 0 for immediate stop."
Fade:,Fade:,Memeha:,Fundido:,Überblendung:,Фейд:,フェード:,تدرج:,फ़ेड:
Fades,Fades,Ngā memeha,Fundidos,Überblendungen,Фейды,フェード,التدرجات,फ़ेड
File,File,Kōnae,Archivo,Datei,Файл,ファイル,ملف,फ़ाइल
File Dropped,File Dropped,Kōnae i tukuna,Archivo soltado,Datei abgelegt,Файл сброшен,ファイルをドロップ,تم إسقاط ملف,फ़ाइल ड्रॉप हुई
File Duration:,File Duration:,Roanga kōnae:,Duración del archivo:,Dateidauer:,Длительность файла:,ファイルの長さ:,مدة الملف:,फ़ाइल अवधि:
Files Dropped,Files Dropped,Ngā kōnae i tukuna,Archivos soltados,Dateien abgelegt,Файлы сброшены,ファイルをドロップ,تم إسقاط ملفات,फ़ाइलें ड्रॉप हुईं
FIRST_TIME_GET_STARTED,"Let's ""Go""!","Tīmata ""Go""!","¡Vamos a ""Go""!",Loslegen,Начать,始める,ابدأ,शुरू करें
FIRST_TIME_LANGUAGE,Language,Reo,Idioma,Sprache,Язык,言語,اللغة,भाषा
FIRST_TIME_TITLE,Welcome,Nau mai,Bienvenido,Willkommen bei Cue2,Добро пожаловать в Cue2,Cue2 へようこそ,مرحباً بك في Cue2,Cue2 में आपका स्वागत है
FIRST_TIME_UI_SCALE,UI Scaling,Whakatauira UI,Escala de UI,UI-Skalierung,Масштаб интерфейса,UI 倍率,مقياس الواجهة,UI स्केल
FIRST_TIME_WELCOME_BODY,"Welcome to the Cue2 v0.1 Pre-Release StripyHat build!

Your feedback ahead of public launch would be appreciated. Please email feedback to
info@cue2.live
This could include feature requests, issues or bugs you may find while testing this software.
Remember - this software is considered to be in development, it is recommend for private use only.

Explore the docs and website below for how to get started.","Nau mai ki te putanga Cue2 v0.1 Pre-Release StripyHat!

He pai te whiwhi urupare i mua i te whakarewatanga tūmatanui. Tēnā koa īmēra ō urupare ki
info@cue2.live
Ka taea te whakauru tono āhuatanga, raruraru, ngā hapa rānei ka kitea i a koe e whakamātau ana.
Kia mahara - e whakawhanakehia ana tēnei pūmanawa; e tūtohungia ana mō te whakamahi tūmataiti anake.

Tirohia ngā tuhinga me te paetukutuku i raro nei hei tīmatanga.","¡Bienvenido a Cue2 v0.1 Pre-Release (StripyHat)!

Agradecemos tus comentarios antes del lanzamiento público. Envíalos por correo a
info@cue2.live
Pueden incluir solicitudes de funciones, problemas o errores que encuentres al probar el software.
Recuerda: este software está en desarrollo; se recomienda solo para uso privado.

Consulta la documentación y el sitio web abajo para empezar.","Willkommen beim Cue2 v0.1 Pre-Release StripyHat-Build!

Ihr Feedback vor der öffentlichen Veröffentlichung ist willkommen. Bitte senden Sie Rückmeldungen an
info@cue2.live
Dazu gehören Funktionswünsche, Probleme oder Fehler, die Sie beim Testen finden.
Hinweis: Diese Software ist in Entwicklung und nur für den privaten Gebrauch empfohlen.

Dokumentation und Website unten helfen beim Einstieg.","Добро пожаловать в предварительную сборку Cue2 v0.1 StripyHat!

Будем рады отзывам до публичного запуска. Пишите на
info@cue2.live
Можно присылать идеи, проблемы и найденные ошибки.
ПО ещё в разработке и рекомендуется только для частного использования.

Документация и сайт ниже помогут начать.","Cue2 v0.1 プレリリース StripyHat ビルドへようこそ！

一般公開前のご意見をお待ちしています。フィードバックは
info@cue2.live
まで。機能要望、不具合、バグなど何でもどうぞ。
本ソフトウェアは開発中であり、私的利用のみを推奨します。

使い方は下のドキュメントとサイトをご覧ください。","مرحباً بك في إصدار Cue2 v0.1 التجريبي StripyHat!

نقدّر ملاحظاتك قبل الإطلاق العام. راسلنا على
info@cue2.live
بما في ذلك طلبات الميزات والمشكلات والأخطاء التي تجدها أثناء الاختبار.
هذا البرنامج قيد التطوير ويُنصح به للاستخدام الخاص فقط.

راجع الوثائق والموقع أدناه للبدء.","Cue2 v0.1 प्री-रिलीज़ StripyHat बिल्ड में आपका स्वागत है!

सार्वजनिक लॉन्च से पहले आपकी प्रतिक्रिया का स्वागत है। ईमेल करें
info@cue2.live
फीचर अनुरोध, समस्याएँ या बग शामिल हो सकते हैं।
यह सॉफ़्टवेयर विकास में है और केवल निजी उपयोग के लिए अनुशंसित है।

शुरू करने के लिए नीचे दस्तावेज़ और वेबसाइट देखें।"
Fit,Fit,Whakauru,Ajustar,Einpassen,Вписать,フィット,ملاءمة,फ़िट
Fit canvas to view,Fit canvas to view,Whakauru te papa ki te tirohanga,Ajustar lienzo a la vista,Canvas an Ansicht anpassen,Вписать холст в вид,キャンバスを表示に合わせる,ملاءمة اللوحة للعرض,कैनवास को दृश्य में फ़िट करें
Fit timeline to content width,Fit timeline to content width,Whakauru te rārangi-wā ki te whānui ihirangi,Ajustar línea de tiempo al contenido,Zeitleiste an Inhaltsbreite anpassen,Вписать таймлайн в ширину содержимого,タイムラインを内容幅に合わせる,ملاءمة الخط الزمني لعرض المحتوى,टाइमलाइन को सामग्री चौड़ाई पर फ़िट करें
Focus newly created cues in the cuelist.,Focus newly created cues in the cuelist.,Focus newly created cues in the cuelist.,Focus newly created cues in the cuelist.,Focus newly created cues in the cuelist.,Focus newly created cues in the cuelist.,Focus newly created cues in the cuelist.,Focus newly created cues in the cuelist.,Focus newly created cues in the cuelist.
Folder: /,Folder: /,Kōpaki: /,Carpeta: /,Ordner: /,Папка: /,フォルダ: /,المجلد: /,फ़ोल्डर: /
Folders,Folders,Kōpaki,Carpetas,Ordner,Папки,フォルダ,المجلدات,फ़ोल्डर
Font,Font,Momotuhi,Fuente,Schrift,Шрифт,フォント,الخط,फ़ॉन्ट
Font colour,Font colour,Tae momotuhi,Color de fuente,Schriftfarbe,Цвет шрифта,フォント色,لون الخط,फ़ॉन्ट रंग
Font name,Font name,Ingoa momotuhi,Nombre de fuente,Schriftname,Имя шрифта,フォント名,اسم الخط,फ़ॉन्ट नाम
Font size,Font size,Rahi momotuhi,Tamaño de fuente,Schriftgröße,Размер шрифта,フォントサイズ,حجم الخط,फ़ॉन्ट आकार
Format: {0},Format: {0},Hōputu: {0},Formato: {0},Format: {0},Формат: {0},形式: {0},التنسيق: {0},फ़ॉर्मेट: {0}
Frame pacing on output windows. Prefer VSync reduces tearing; Off / Low latency can reduce present lag on projectors (may tear). Saved with the showfile.,Frame pacing on output windows. Prefer VSync reduces tearing; Off / Low latency can reduce present lag on projectors (may tear). Saved with the showfile.,Frame pacing on output windows. Prefer VSync reduces tearing; Off / Low latency can reduce present lag on projectors (may tear). Saved with the showfile.,Frame pacing on output windows. Prefer VSync reduces tearing; Off / Low latency can reduce present lag on projectors (may tear). Saved with the showfile.,Frame pacing on output windows. Prefer VSync reduces tearing; Off / Low latency can reduce present lag on projectors (may tear). Saved with the showfile.,Frame pacing on output windows. Prefer VSync reduces tearing; Off / Low latency can reduce present lag on projectors (may tear). Saved with the showfile.,Frame pacing on output windows. Prefer VSync reduces tearing; Off / Low latency can reduce present lag on projectors (may tear). Saved with the showfile.,Frame pacing on output windows. Prefer VSync reduces tearing; Off / Low latency can reduce present lag on projectors (may tear). Saved with the showfile.,Frame pacing on output windows. Prefer VSync reduces tearing; Off / Low latency can reduce present lag on projectors (may tear). Saved with the showfile.
Frame Rate: {0} fps,Frame Rate: {0} fps,Au kapa: {0} fps,Velocidad de fotogramas: {0} fps,Bildrate: {0} fps,Частота кадров: {0} к/с,フレームレート: {0} fps,معدل الإطارات: {0} إ/ث,फ़्रेम दर: {0} fps
Free-form notes for this cue. Not used during playback.,Free-form notes for this cue. Not used during playback.,Tuhipoka wātea mō tēnei tohu. Kāore e whakamahia i te purei.,Notas libres para esta cue. No se usan durante la reproducción.,Freie Notizen zu diesem Cue. Werden bei der Wiedergabe nicht verwendet.,Свободные заметки к этой реплике. Не используются при воспроизведении.,このキューの自由メモ。再生中は使われません。,ملاحظات حرّة لهذه الإشارة. لا تُستخدم أثناء التشغيل.,इस क्यू के लिए मुक्त नोट्स। प्लेबैक में उपयोग नहीं होते।
Fullscreen,Fullscreen,Mata katoa,Pantalla completa,Vollbild,Полный экран,フルスクリーン,ملء الشاشة,फ़ुलस्क्रीन
Fullscreen/Windowed,Fullscreen/Windowed,Mata katoa/Matapihi,Pantalla completa/Ventana,Vollbild/Fenster,Полный экран / окно,フルスクリーン / ウィンドウ,ملء الشاشة / نافذة,फ़ुलस्क्रीन / विंडो
Gateway,Gateway,Kuwaha,Puerta de enlace,Gateway,Шлюз,ゲートウェイ,البوابة,गेटवे
General,General,Whānui,General,Allgemein,Общие,一般,عام,सामान्य
"General preferences, these are persistant independant of show file settings.","General preferences, these are persistant independant of show file settings.","General preferences, these are persistant independant of show file settings.","General preferences, these are persistant independant of show file settings.","General preferences, these are persistant independant of show file settings.","General preferences, these are persistant independant of show file settings.","General preferences, these are persistant independant of show file settings.","General preferences, these are persistant independant of show file settings.","General preferences, these are persistant independant of show file settings."
General Settings,General Settings,Tautuhinga whānui,Ajustes generales,Allgemeine Einstellungen,Общие настройки,一般設定,الإعدادات العامة,सामान्य सेटिंग्स
GO,GO,HAERE,GO,GO,GO,GO,تشغيل,गो
Go,Go,Haere,Go,Go,Go,GO,تشغيل,गो
Go Button Scale,Go Button Scale,Tauine pātene Haere,Escala del botón GO,GO-Button-Skalierung,Масштаб кнопки GO,GO ボタン倍率,مقياس زر GO,GO बटन स्केल
Go button size. Half Go hides notes; No Go hides the GO header.,Go button size. Half Go hides notes; No Go hides the GO header.,Go button size. Half Go hides notes; No Go hides the GO header.,Go button size. Half Go hides notes; No Go hides the GO header.,Go button size. Half Go hides notes; No Go hides the GO header.,Go button size. Half Go hides notes; No Go hides the GO header.,Go button size. Half Go hides notes; No Go hides the GO header.,Go button size. Half Go hides notes; No Go hides the GO header.,Go button size. Half Go hides notes; No Go hides the GO header.
GO by id.,GO by id.,GO by id.,GO by id.,GO by id.,GO by id.,GO by id.,GO by id.,GO by id.
GO by name.,GO by name.,GO by name.,GO by name.,GO by name.,GO by name.,GO by name.,GO by name.,GO by name.
GO by number.,GO by number.,GO by number.,GO by number.,GO by number.,GO by number.,GO by number.,GO by number.,GO by number.
GO disabled,GO disabled,Kua monokia te HAERE,GO desactivado,GO deaktiviert,GO отключён,GO 無効,GO معطّل,GO अक्षम
GO disabled — double-go protection ({0:0.#}s),GO disabled — double-go protection ({0:0.#}s),Kua monokia te HAERE — tiaki GO taurua ({0:0.#}h),GO desactivado — protección de doble GO ({0:0.#}s),GO deaktiviert — Doppel-GO-Schutz ({0:0.#}s),GO отключён — защита от двойного GO ({0:0.#} с),GO 無効 — ダブル GO 防止（{0:0.#}秒）,GO معطّل — حماية GO المزدوج ({0:0.#} ث),GO अक्षम — डबल-GO सुरक्षा ({0:0.#}से)
GO disabled — showfile is still loading.,GO disabled — showfile is still loading.,Kua monokia te HAERE — kei te uta tonu te kōnae whakaaturanga.,GO desactivado — el showfile aún se está cargando.,GO deaktiviert — Showfile wird noch geladen.,GO отключён — шоу-файл ещё загружается.,GO 無効 — ショーファイル読込中。,GO معطّل — ملف العرض ما زال يُحمَّل.,GO अक्षम — शोफ़ाइल अभी लोड हो रही है।
GO fade-in time for the target cue. 0 = no control fade-in (default).,GO fade-in time for the target cue. 0 = no control fade-in (default).,GO fade-in time for the target cue. 0 = no control fade-in (default).,GO fade-in time for the target cue. 0 = no control fade-in (default).,GO fade-in time for the target cue. 0 = no control fade-in (default).,GO fade-in time for the target cue. 0 = no control fade-in (default).,GO fade-in time for the target cue. 0 = no control fade-in (default).,GO fade-in time for the target cue. 0 = no control fade-in (default).,GO fade-in time for the target cue. 0 = no control fade-in (default).
GO selected cue(s).,GO selected cue(s).,GO selected cue(s).,GO selected cue(s).,GO selected cue(s).,GO selected cue(s).,GO selected cue(s).,GO selected cue(s).,GO selected cue(s).
Group,Group,Rōpū,Grupo,Gruppe,Группа,グループ,مجموعة,समूह
Group Selected,Group Selected,Rōpūngia te tīpakonga,Agrupar selección,Auswahl gruppieren,Группировать выделенное,選択をグループ化,تجميع المحدد,चयन समूहित करें
H alignment,H alignment,Tīaroaro h,Alineación H,H-Ausrichtung,Гор. выравнивание,横位置,المحاذاة الأفقية,क्षैतिज संरेखण
Hard stop all playing.,Hard stop all playing.,Hard stop all playing.,Hard stop all playing.,Hard stop all playing.,Hard stop all playing.,Hard stop all playing.,Hard stop all playing.,Hard stop all playing.
Hard stop by id.,Hard stop by id.,Hard stop by id.,Hard stop by id.,Hard stop by id.,Hard stop by id.,Hard stop by id.,Hard stop by id.,Hard stop by id.
Hard stop selected.,Hard stop selected.,Hard stop selected.,Hard stop selected.,Hard stop selected.,Hard stop selected.,Hard stop selected.,Hard stop selected.,Hard stop selected.
Height,Height,Teitei,Alto,Höhe,Высота,高さ,الارتفاع,ऊँचाई
Height:,Height:,Teitei:,Alto:,Höhe:,Высота:,高さ:,الارتفاع:,ऊँचाई:
Help,Help,Āwhina,Ayuda,Hilfe,Справка,ヘルプ,مساعدة,सहायता
HH:mm:ss,HH:mm:ss,HH:mm:ss,HH:mm:ss,HH:mm:ss,HH:mm:ss,HH:mm:ss,HH:mm:ss,HH:mm:ss
History,History,Hītori,Historial,Verlauf,История,履歴,السجل,इतिहास
Hold and release over a cue in the list to set target,Hold and release over a cue in the list to set target,"Pēhia, tuku ai i runga i tētahi tohu o te rārangi kia tautu te ūnga",Mantén y suelta sobre una cue de la lista para fijar el destino,"Über einem Cue in der Liste halten und loslassen, um das Ziel zu setzen","Удержите и отпустите над репликой в списке, чтобы задать цель",リストのキューの上で押したまま離すとターゲットを設定,اضغط مع الاستمرار ثم أفلت فوق إشارة في القائمة لتعيين الهدف,सूची में क्यू पर दबाकर छोड़ें ताकि लक्ष्य सेट हो
Hold time in seconds. 0 keeps text until the cue is stopped.,Hold time in seconds. 0 keeps text until the cue is stopped.,Wā pupuri i ngā hēkona. Ka noho te kupu kia tū te tohu mēnā 0.,Tiempo de retención en segundos. 0 deja el texto hasta detener la cue.,"Haltezeit in Sekunden. 0 belässt den Text, bis der Cue gestoppt wird.","Время удержания в секундах. 0 держит текст, пока реплика не остановлена.",保持時間（秒）。0 はキュー停止までテキストを表示。,زمن التثبيت بالثواني. 0 يبقي النص حتى إيقاف الإشارة.,होल्ड समय सेकंड में। 0 क्यू रुकने तक टेक्स्ट रखता है।
Hold: {0},Hold: {0},Pupuri: {0},Retener: {0},Halten: {0},Удержание: {0},ホールド: {0},تثبيت: {0},होल्ड: {0}
Horizontal offset of the output window from the target display origin (pixels).,Horizontal offset of the output window from the target display origin (pixels).,Horizontal offset of the output window from the target display origin (pixels).,Horizontal offset of the output window from the target display origin (pixels).,Horizontal offset of the output window from the target display origin (pixels).,Horizontal offset of the output window from the target display origin (pixels).,Horizontal offset of the output window from the target display origin (pixels).,Horizontal offset of the output window from the target display origin (pixels).,Horizontal offset of the output window from the target display origin (pixels).
Horizontal zoom (Ctrl + scroll wheel over timeline),Horizontal zoom (Ctrl + scroll wheel over timeline),Topa whakapae (Ctrl + wīra i runga i te rārangi-wā),Zoom horizontal (Ctrl + rueda sobre la línea de tiempo),Horizontaler Zoom (Strg + Mausrad über der Zeitleiste),Горизонтальный масштаб (Ctrl + колесо над таймлайном),水平ズーム（タイムライン上で Ctrl + ホイール）,تكبير أفقي (Ctrl + عجلة الفأرة فوق الخط الزمني),क्षैतिज ज़ूम (टाइमलाइन पर Ctrl + स्क्रॉल)
Hotkey,Hotkey,Pātuhi poto,Atajo,Tastenkürzel,Горячая клавиша,ホットキー,مفتاح الاختصار,हॉटकी
Hotkey: {0},Hotkey: {0},Pātuhi poto: {0},Atajo: {0},Tastenkürzel: {0},Горячая клавиша: {0},ホットキー: {0},مفتاح الاختصار: {0},हॉटकी: {0}
How long the image stays on screen. 0 or blank = stay active until stopped.,How long the image stays on screen. 0 or blank = stay active until stopped.,How long the image stays on screen. 0 or blank = stay active until stopped.,How long the image stays on screen. 0 or blank = stay active until stopped.,How long the image stays on screen. 0 or blank = stay active until stopped.,How long the image stays on screen. 0 or blank = stay active until stopped.,How long the image stays on screen. 0 or blank = stay active until stopped.,How long the image stays on screen. 0 or blank = stay active until stopped.,How long the image stays on screen. 0 or blank = stay active until stopped.
How long to wait between this cue being triggered and activating the cue's components. ,How long to wait between this cue being triggered and activating the cue's components. ,How long to wait between this cue being triggered and activating the cue's components. ,How long to wait between this cue being triggered and activating the cue's components. ,How long to wait between this cue being triggered and activating the cue's components. ,How long to wait between this cue being triggered and activating the cue's components. ,How long to wait between this cue being triggered and activating the cue's components. ,How long to wait between this cue being triggered and activating the cue's components. ,How long to wait between this cue being triggered and activating the cue's components. 
How many previous autosave versions to keep in the Backups folder.,How many previous autosave versions to keep in the Backups folder.,How many previous autosave versions to keep in the Backups folder.,How many previous autosave versions to keep in the Backups folder.,How many previous autosave versions to keep in the Backups folder.,How many previous autosave versions to keep in the Backups folder.,How many previous autosave versions to keep in the Backups folder.,How many previous autosave versions to keep in the Backups folder.,How many previous autosave versions to keep in the Backups folder.
How many session log files to keep on disk (including the current session). The log window only shows the current session. 1 keeps current only.,How many session log files to keep on disk (including the current session). The log window only shows the current session. 1 keeps current only.,How many session log files to keep on disk (including the current session). The log window only shows the current session. 1 keeps current only.,How many session log files to keep on disk (including the current session). The log window only shows the current session. 1 keeps current only.,How many session log files to keep on disk (including the current session). The log window only shows the current session. 1 keeps current only.,How many session log files to keep on disk (including the current session). The log window only shows the current session. 1 keeps current only.,How many session log files to keep on disk (including the current session). The log window only shows the current session. 1 keeps current only.,How many session log files to keep on disk (including the current session). The log window only shows the current session. 1 keeps current only.,How many session log files to keep on disk (including the current session). The log window only shows the current session. 1 keeps current only.
"How many undo/redo steps to keep for document edits (cues, components, settings).","How many undo/redo steps to keep for document edits (cues, components, settings).","How many undo/redo steps to keep for document edits (cues, components, settings).","How many undo/redo steps to keep for document edits (cues, components, settings).","How many undo/redo steps to keep for document edits (cues, components, settings).","How many undo/redo steps to keep for document edits (cues, components, settings).","How many undo/redo steps to keep for document edits (cues, components, settings).","How many undo/redo steps to keep for document edits (cues, components, settings).","How many undo/redo steps to keep for document edits (cues, components, settings)."
"How solid the video appears (0% = invisible, 100% = fully solid). Changes also apply to playing cues.","How solid the video appears (0% = invisible, 100% = fully solid). Changes also apply to playing cues.","Te pūataata o te ataata (0% = kitea-kore, 100% = tino pūataata). Ka pā hoki ki ngā tohu e purei ana.","Qué tan sólido se ve el vídeo (0% = invisible, 100% = sólido). También aplica a cues en reproducción.","Wie deckend das Video erscheint (0% = unsichtbar, 100% = voll deckend). Änderungen gelten auch für spielende Cues.","Насколько плотное видео (0% = невидимо, 100% = полностью непрозрачно). Меняет и играющие реплики.",映像の不透明度（0% = 非表示、100% = 完全不透明）。再生中のキューにも適用。,مدى عتامة الفيديو (0٪ = غير مرئي، 100٪ = معتم تماماً). تنطبق التغييرات أيضاً على الإشارات قيد التشغيل.,"वीडियो कितना ठोस दिखे (0% = अदृश्य, 100% = पूरी तरह ठोस)। चल रहे क्यू पर भी लागू।"
"How the picture is drawn within its area.
Hover each option for details. Changes also apply to playing cues.","How the picture is drawn within its area.
Hover each option for details. Changes also apply to playing cues.","Me pēhea te tā i te pikitia i roto i tōna wāhi.
Whakamahia ia kōwhiringa mō ngā taipitopito. Ka pā hoki ki ngā tohu e purei ana.","Cómo se dibuja la imagen en su área.
Pasa el ratón por cada opción. También aplica a cues en reproducción.","Wie das Bild in seinem Bereich gezeichnet wird.
Optionen für Details überfahren. Änderungen gelten auch für spielende Cues.","Как картинка рисуется в своей области.
Наведите на пункт для подробностей. Меняет и играющие реплики.","領域内での絵の描き方。
各項目にホバーで詳細。再生中のキューにも適用。","كيف تُرسم الصورة داخل مساحتها.
مرّر فوق كل خيار للتفاصيل. تنطبق أيضاً على الإشارات قيد التشغيل.","चित्र अपने क्षेत्र में कैसे खिंचता है।
विवरण के लिए विकल्प पर होवर करें। चल रहे क्यू पर भी लागू।"
How the picture is drawn within its area. Changes also apply to playing cues.,How the picture is drawn within its area. Changes also apply to playing cues.,Me pēhea te tā i te pikitia i roto i tōna wāhi. Ka pā hoki ki ngā tohu e purei ana.,Cómo se dibuja la imagen en su área. También aplica a cues en reproducción.,Wie das Bild in seinem Bereich gezeichnet wird. Änderungen gelten auch für spielende Cues.,Как картинка рисуется в своей области. Меняет и играющие реплики.,領域内での絵の描き方。再生中のキューにも適用。,كيف تُرسم الصورة داخل مساحتها. تنطبق أيضاً على الإشارات قيد التشغيل.,चित्र अपने क्षेत्र में कैसे खिंचता है। चल रहे क्यू पर भी लागू।
"How the video sizes itself within the layer.
Hover each option for details. Changes also apply to playing cues.","How the video sizes itself within the layer.
Hover each option for details. Changes also apply to playing cues.","Me pēhea te rahi o te ataata i roto i te paparanga.
Whakamahia ia kōwhiringa mō ngā taipitopito. Ka pā hoki ki ngā tohu e purei ana.","Cómo se dimensiona el vídeo dentro de la capa.
Pasa el ratón por cada opción. También aplica a cues en reproducción.","Wie sich das Video in der Ebene bemisst.
Optionen für Details überfahren. Änderungen gelten auch für spielende Cues.","Как видео масштабируется в слое.
Наведите на пункт для подробностей. Меняет и играющие реплики.","レイヤー内での映像サイズの決まり方。
各項目にホバーで詳細。再生中のキューにも適用。","كيف يغيّر الفيديو حجمه داخل الطبقة.
مرّر فوق كل خيار للتفاصيل. تنطبق أيضاً على الإشارات قيد التشغيل.","परत के भीतर वीडियो अपना आकार कैसे लेता है।
विवरण के लिए होवर करें। चल रहे क्यू पर भी लागू।"
How the video sizes itself within the layer. Changes also apply to playing cues.,How the video sizes itself within the layer. Changes also apply to playing cues.,Me pēhea te rahi o te ataata i roto i te paparanga. Ka pā hoki ki ngā tohu e purei ana.,Cómo se dimensiona el vídeo dentro de la capa. También aplica a cues en reproducción.,Wie sich das Video in der Ebene bemisst. Änderungen gelten auch für spielende Cues.,Как видео масштабируется в слое. Меняет и играющие реплики.,レイヤー内での映像サイズの決まり方。再生中のキューにも適用。,كيف يغيّر الفيديو حجمه داخل الطبقة. تنطبق أيضاً على الإشارات قيد التشغيل.,परत के भीतर वीडियो अपना आकार कैसे लेता है। चल रहे क्यू पर भी लागू।
ID:,ID:,ID:,ID:,ID:,ID:,ID:,ID:,ID:
Identify,Identify,Tautuhi,Identificar,Identifizieren,Идентифицировать,識別,تعريف,पहचानें
"If set, all received OSC must start with /{SessionName}/… (built-ins and Input Map). Example: /MyShow/Go","If set, all received OSC must start with /{SessionName}/… (built-ins and Input Map). Example: /MyShow/Go","If set, all received OSC must start with /{SessionName}/… (built-ins and Input Map). Example: /MyShow/Go","If set, all received OSC must start with /{SessionName}/… (built-ins and Input Map). Example: /MyShow/Go","If set, all received OSC must start with /{SessionName}/… (built-ins and Input Map). Example: /MyShow/Go","If set, all received OSC must start with /{SessionName}/… (built-ins and Input Map). Example: /MyShow/Go","If set, all received OSC must start with /{SessionName}/… (built-ins and Input Map). Example: /MyShow/Go","If set, all received OSC must start with /{SessionName}/… (built-ins and Input Map). Example: /MyShow/Go","If set, all received OSC must start with /{SessionName}/… (built-ins and Input Map). Example: /MyShow/Go"
Image Duration,Image Duration,Roanga atahanga,Duración de imagen,Bilddauer,Длительность изображения,画像の長さ,مدة الصورة,छवि अवधि
Include nested children,Include nested children,Whakaurua ngā tamariki kōpuku,Incluir hijos anidados,Verschachtelte Kinder einschließen,Включить вложенные дочерние,入れ子の子を含める,تضمين الأبناء المتداخلين,नेस्टेड चाइल्ड शामिल करें
Include pre-release versions,Include pre-release versions,Include pre-release versions,Include pre-release versions,Include pre-release versions,Include pre-release versions,Include pre-release versions,Include pre-release versions,Include pre-release versions
Input Map,Input Map,Mahere pātuhi,Mapa de teclado,Tastaturbelegung,Карта ввода,入力マップ,خريطة الإدخال,इनपुट मैप
Inputs,Inputs,Ngā tāuru,Entradas,Eingänge,Входы,入力,المداخل,इनपुट
Insert Location: End of list (or after current selection),Insert Location: End of list (or after current selection),Wāhi kōkuhu: Mutunga o te rārangi (i muri rānei i te tīpakonga),Ubicación: final de la lista (o después de la selección actual),Einfügeort: Listenende (oder nach aktueller Auswahl),Место вставки: конец списка (или после выделения),挿入位置: リスト末尾（または現在の選択の後）,موضع الإدراج: نهاية القائمة (أو بعد التحديد الحالي),सम्मिलन स्थान: सूची का अंत (या वर्तमान चयन के बाद)
Insert Position:,Insert Position:,Tūnga kōkuhu:,Posición de inserción:,Einfügeposition:,Позиция вставки:,挿入位置:,موضع الإدراج:,सम्मिलन स्थिति:
Insert the selected library cue into the cuelist.,Insert the selected library cue into the cuelist.,Kōkuhua te tohu puna kua tīpakohia ki te rārangi tohu.,Insertar la cue de biblioteca seleccionada en la lista.,Ausgewählten Bibliotheks-Cue in die Cueliste einfügen.,Вставить выбранную реплику библиотеки в список.,選択したライブラリキューをキューリストに挿入。,إدراج إشارة المكتبة المحددة في قائمة الإشارات.,चयनित लाइब्रेरी क्यू को क्यू सूची में डालें।
Insert:,Insert:,Whakauru:,Insertar:,Einfügen:,Вставка:,挿入:,إدراج:,सम्मिलित:
Inspector video previewer only — never affects house outputs. Saved with the showfile.,Inspector video previewer only — never affects house outputs. Saved with the showfile.,Inspector video previewer only — never affects house outputs. Saved with the showfile.,Inspector video previewer only — never affects house outputs. Saved with the showfile.,Inspector video previewer only — never affects house outputs. Saved with the showfile.,Inspector video previewer only — never affects house outputs. Saved with the showfile.,Inspector video previewer only — never affects house outputs. Saved with the showfile.,Inspector video previewer only — never affects house outputs. Saved with the showfile.,Inspector video previewer only — never affects house outputs. Saved with the showfile.
Install and Restart,Install and Restart,Install and Restart,Install and Restart,Install and Restart,Install and Restart,Install and Restart,Install and Restart,Install and Restart
Installing update…,Installing update…,Installing update…,Installing update…,Installing update…,Installing update…,Installing update…,Installing update…,Installing update…
Interface,Interface,Atanga,Interfaz,Schnittstelle,Интерфейс,インターフェイス,الواجهة,इंटरफ़ेस
"Interpret content as BBCode (bold, colour tags, etc.).","Interpret content as BBCode (bold, colour tags, etc.).","Whakamāoritia te ihirangi hei BBCode (taumaha, tūtohu tae, ērā atu).","Interpretar el contenido como BBCode (negrita, color, etc.).","Inhalt als BBCode interpretieren (fett, Farbtags usw.).","Интерпретировать содержимое как BBCode (жирный, цвет и т. д.).",内容を BBCode として解釈（太字、色タグなど）。,تفسير المحتوى كـ BBCode (غامق، وسوم اللون، إلخ).,"सामग्री को BBCode के रूप में समझें (बोल्ड, रंग टैग आदि)।"
IP,IP,IP,IP,IP,IP,IP,IP,IP
Ip Address,Ip Address,Wāhitau IP,Dirección IP,IP-Adresse,IP-адрес,IP アドレス,عنوان IP,IP पता
Issue,Issue,Raru,Problema,Problem,Проблема,問題,مشكلة,समस्या
Keep Aspect,Keep Aspect,Pupuri āhuahanga,Mantener aspecto,Seitenverhältnis behalten,Сохранять пропорции,アスペクト維持,الحفاظ على النسبة,आस्पेक्ट बनाए रखें
Keeps display windows open but covers all layers with black. Useful for scene changes without stopping cues.,Keeps display windows open but covers all layers with black. Useful for scene changes without stopping cues.,Keeps display windows open but covers all layers with black. Useful for scene changes without stopping cues.,Keeps display windows open but covers all layers with black. Useful for scene changes without stopping cues.,Keeps display windows open but covers all layers with black. Useful for scene changes without stopping cues.,Keeps display windows open but covers all layers with black. Useful for scene changes without stopping cues.,Keeps display windows open but covers all layers with black. Useful for scene changes without stopping cues.,Keeps display windows open but covers all layers with black. Useful for scene changes without stopping cues.,Keeps display windows open but covers all layers with black. Useful for scene changes without stopping cues.
"Keyboard shortcuts — saved with Cue2 Preferences, not the show","Keyboard shortcuts — saved with Cue2 Preferences, not the show","Keyboard shortcuts — saved with Cue2 Preferences, not the show","Keyboard shortcuts — saved with Cue2 Preferences, not the show","Keyboard shortcuts — saved with Cue2 Preferences, not the show","Keyboard shortcuts — saved with Cue2 Preferences, not the show","Keyboard shortcuts — saved with Cue2 Preferences, not the show","Keyboard shortcuts — saved with Cue2 Preferences, not the show","Keyboard shortcuts — saved with Cue2 Preferences, not the show"
Language,Language,Reo,Idioma,Sprache,Язык,言語,اللغة,भाषा
Last 5 log messages:,Last 5 log messages:,Ngā karere rātaka 5 whakamutunga:,Últimos 5 mensajes del registro:,Letzte 5 Protokollmeldungen:,Последние 5 сообщений:,直近 5 件のログ:,آخر 5 رسائل سجل:,अंतिम 5 लॉग संदेश:
Last checked,Last checked,Last checked,Last checked,Last checked,Last checked,Last checked,Last checked,Last checked
Latency preset,Latency preset,Tāuta roa tātari,Ajuste de latencia,Latenzvorgabe,Профиль задержки,レイテンシプリセット,إعداد الكمون,लेटेंसी प्रीसेट
Latest release,Latest release,Latest release,Latest release,Latest release,Latest release,Latest release,Latest release,Latest release
Layer,Layer,Paparanga,Capa,Ebene,Слой,レイヤー,طبقة,परत
Layer name,Layer name,Ingoa paparanga,Nombre de capa,Ebenenname,Имя слоя,レイヤー名,اسم الطبقة,परत नाम
Layer not found.,Layer not found.,Kāore i kitea te paparanga.,Capa no encontrada.,Ebene nicht gefunden.,Слой не найден.,レイヤーが見つかりません。,الطبقة غير موجودة.,परत नहीं मिली।
Layer position.,Layer position.,Layer position.,Layer position.,Layer position.,Layer position.,Layer position.,Layer position.,Layer position.
Layer size.,Layer size.,Layer size.,Layer size.,Layer size.,Layer size.,Layer size.,Layer size.,Layer size.
Layer translate duration. 0 = instant change (default).,Layer translate duration. 0 = instant change (default).,Layer translate duration. 0 = instant change (default).,Layer translate duration. 0 = instant change (default).,Layer translate duration. 0 = instant change (default).,Layer translate duration. 0 = instant change (default).,Layer translate duration. 0 = instant change (default).,Layer translate duration. 0 = instant change (default).,Layer translate duration. 0 = instant change (default).
Layer:,Layer:,Paparanga:,Capa:,Ebene:,Слой:,レイヤー:,طبقة:,परत:
Layout,Layout,Whakatakotoranga,Diseño,Layout,Макет,レイアウト,التخطيط,लेआउट
Lbael to see if this is working,Lbael to see if this is working,Lbael to see if this is working,Lbael to see if this is working,Lbael to see if this is working,Lbael to see if this is working,Lbael to see if this is working,Lbael to see if this is working,Lbael to see if this is working
LED Colours,LED Colours,LED Colours,LED Colours,LED Colours,LED Colours,LED Colours,LED Colours,LED Colours
LED Master Brightness:,LED Master Brightness:,LED Master Brightness:,LED Master Brightness:,LED Master Brightness:,LED Master Brightness:,LED Master Brightness:,LED Master Brightness:,LED Master Brightness:
"Let's ""Go""!","Let's ""Go""!","Tīmata ""Go""!","¡Vamos a ""Go""!","Let's ""Go""!","Let's ""Go""!","Let's ""Go""!","Let's ""Go""!","Let's ""Go""!"
Library,Library,Puna,Biblioteca,Bibliothek,Библиотека,ライブラリ,المكتبة,लाइब्रेरी
Library is empty. Select a cue and click Save to Library.,Library is empty. Select a cue and click Save to Library.,"Kāore he mea i te puna. Tīpakohia he tohu, pāwhiritia Tiaki ki te Puna.",La biblioteca está vacía. Selecciona una cue y pulsa Guardar en biblioteca.,Bibliothek ist leer. Cue wählen und „In Bibliothek speichern“ klicken.,Библиотека пуста. Выберите реплику и нажмите «Сохранить в библиотеку».,ライブラリは空です。キューを選び「ライブラリに保存」をクリック。,المكتبة فارغة. حدّد إشارة واضغط «حفظ في المكتبة».,लाइब्रेरी खाली है। एक क्यू चुनें और लाइब्रेरी में सहेजें पर क्लिक करें।
Listen,Listen,Whakarongo,Escuchar,Empfangen,Слушать,受信,استماع,सुनें
Listener off,Listener off,Kaiwhakarongo weto,Oyente apagado,Empfänger aus,Слушатель выкл.,リスナーオフ,المستمع متوقف,श्रोता बंद
Listening ({0}),Listening ({0}),E whakarongo ana ({0}),Escuchando ({0}),Empfängt ({0}),Слушает ({0}),受信中 ({0}),يستمع ({0}),सुन रहा है ({0})
Live house-output controls plus show-scoped appearance and performance options. Disable and blackout are runtime-only (not saved with the show).,Live house-output controls plus show-scoped appearance and performance options. Disable and blackout are runtime-only (not saved with the show).,Live house-output controls plus show-scoped appearance and performance options. Disable and blackout are runtime-only (not saved with the show).,Live house-output controls plus show-scoped appearance and performance options. Disable and blackout are runtime-only (not saved with the show).,Live house-output controls plus show-scoped appearance and performance options. Disable and blackout are runtime-only (not saved with the show).,Live house-output controls plus show-scoped appearance and performance options. Disable and blackout are runtime-only (not saved with the show).,Live house-output controls plus show-scoped appearance and performance options. Disable and blackout are runtime-only (not saved with the show).,Live house-output controls plus show-scoped appearance and performance options. Disable and blackout are runtime-only (not saved with the show).,Live house-output controls plus show-scoped appearance and performance options. Disable and blackout are runtime-only (not saved with the show).
Live output control,Live output control,Whakahaere putanga ora,Control de salida en vivo,Live-Ausgabesteuerung,Управление живым выходом,ライブ出力制御,تحكم المخرج الحي,लाइव आउटपुट नियंत्रण
Load,Load,Uta,Cargar,Laden,Загрузить,読み込む,تحميل,लोड
Load next 100,Load next 100,Uta 100 e whai ake,Cargar siguientes 100,Nächste 100 laden,Загрузить следующие 100,次の 100 件を読み込む,تحميل الـ 100 التالية,अगले 100 लोड करें
Load next {0},Load next {0},Uta ngā {0} panuku,Cargar siguientes {0},Nächste {0} laden,Загрузить следующие {0},次の {0} 件を読み込む,تحميل الـ {0} التالية,अगले {0} लोड करें
Load selected settings categories from a .c2settings file (undoable),Load selected settings categories from a .c2settings file (undoable),Load selected settings categories from a .c2settings file (undoable),Load selected settings categories from a .c2settings file (undoable),Load selected settings categories from a .c2settings file (undoable),Load selected settings categories from a .c2settings file (undoable),Load selected settings categories from a .c2settings file (undoable),Load selected settings categories from a .c2settings file (undoable),Load selected settings categories from a .c2settings file (undoable)
Loading cues…,Loading cues…,E uta ana i ngā tohu…,Cargando cues…,Cues werden geladen…,Загрузка реплик…,キューを読み込み中…,جارٍ تحميل الإشارات…,क्यू लोड हो रहे हैं…
Loading settings…,Loading settings…,E uta ana i ngā tautuhinga…,Cargando ajustes…,Einstellungen werden geladen…,Загрузка настроек…,設定を読み込み中…,جارٍ تحميل الإعدادات…,सेटिंग्स लोड हो रही हैं…
Load…,Load…,Uta…,Cargar…,Laden…,Загрузить…,読み込む…,تحميل…,लोड…
Local IPv4,Local IPv4,IPv4 paetata,IPv4 local,Lokale IPv4,Локальный IPv4,ローカル IPv4,IPv4 المحلي,स्थानीय IPv4
LOCALE_NAME_en,English,English,English,English,English,English,English,English
LOCALE_NAME_es,Español,Español,Español,Español,Español,Español,Español,Español
LOCALE_NAME_mi,Te reo Māori,Te reo Māori,Te reo Māori,Te reo Māori,Te reo Māori,Te reo Māori,Te reo Māori,Te reo Māori
Lock,Lock,Maukati,Bloquear,Sperren,Блокировать,ロック,قفل,लॉक
Log,Log,Rātaka,Registro,Protokoll,Журнал,ログ,السجل,लॉग
Log 0,Log 0,Log 0,Log 0,Log 0,Log 0,Log 0,Log 0,Log 0
Log Session Depth,Log Session Depth,Hōhonu rātaka,Profundidad de registros,Protokollsitzungs-Tiefe,Глубина журнала сессии,ログセッション数,عمق سجل الجلسة,लॉग सत्र गहराई
Log {0},Log {0},Rātaka {0},Registro {0},Protokoll {0},Журнал {0},ログ {0},السجل {0},लॉग {0}
"Log, click to open full log","Log, click to open full log","Rātaka, pāwhiritia hei huaki te rātaka katoa","Registro, clic para abrir el registro completo","Protokoll, klicken für vollständiges Protokoll","Журнал — нажмите, чтобы открыть",ログ、クリックで全ログを開く,السجل، انقر لفتح السجل الكامل,"लॉग, पूरा लॉग खोलने के लिए क्लिक करें"
Logical processors: {0},Logical processors: {0},Ngā tukatuka arorau: {0},Procesadores lógicos: {0},Logische Prozessoren: {0},Логических процессоров: {0},論理プロセッサ: {0},المعالجات المنطقية: {0},लॉजिकल प्रोसेसर: {0}
Log…,Log…,Rātaka…,Registro…,Protokoll…,Журнал…,ログ…,السجل…,लॉग…
Loop,Loop,Koromeke,Bucle,Schleife,Цикл,ループ,تكرار,लूप
Loop indefinitely. This overrules playcount.,Loop indefinitely. This overrules playcount.,Koromeke mutunga-kore. Ka takahi i te tatau purei.,Bucle infinito. Anula el recuento de reproducción.,Endlos wiederholen. Überschreibt die Wiedergabeanzahl.,Зациклить бесконечно. Перекрывает число воспроизведений.,無限ループ。再生回数より優先。,تكرار بلا نهاية. يتجاوز عدد التشغيل.,अनंत लूप। प्ले गिनती को ओवरराइड करता है।
Loop:,Loop:,Koromeke:,Bucle:,Schleife:,Цикл:,ループ:,تكرار:,लूप:
Looping,Looping,E koromeke ana,En bucle,Schleife,Зациклено,ループ中,يتكرر,लूप हो रहा है
m:s:ms,m:s:ms,m:s:ms,m:s:ms,m:s:ms,m:s:ms,m:s:ms,m:s:ms,m:s:ms
m:s:ms (derived from start/end),m:s:ms (derived from start/end),m:s:ms (derived from start/end),m:s:ms (derived from start/end),m:s:ms (derived from start/end),m:s:ms (derived from start/end),m:s:ms (derived from start/end),m:s:ms (derived from start/end),m:s:ms (derived from start/end)
macOS uses the Cue2.app bundle (Finder registers on first launch).,macOS uses the Cue2.app bundle (Finder registers on first launch).,macOS uses the Cue2.app bundle (Finder registers on first launch).,macOS uses the Cue2.app bundle (Finder registers on first launch).,macOS uses the Cue2.app bundle (Finder registers on first launch).,macOS uses the Cue2.app bundle (Finder registers on first launch).,macOS uses the Cue2.app bundle (Finder registers on first launch).,macOS uses the Cue2.app bundle (Finder registers on first launch).,macOS uses the Cue2.app bundle (Finder registers on first launch).
Make child of: {0},Make child of: {0},Meinga hei tamaiti o: {0},Hacer hijo de: {0},Kind von: {0},Сделать дочерней к: {0},次の子にする: {0},اجعله ابناً لـ: {0},इसका चाइल्ड बनाएँ: {0}
Margins,Margins,Ngā taitapa,Márgenes,Ränder,Поля,余白,الهوامش,मार्जिन
Master mute,Master mute,Whakangū matua,Silencio maestro,Master stumm,Мастер mute,マスターミュート,كتم الماستر,मास्टर म्यूट
Master output,Master output,Putanga matua,Salida maestra,Master-Ausgang,Мастер-выход,マスター出力,المخرج الرئيسي,मास्टर आउटपुट
Master volume,Master volume,Kahaoro matua,Volumen maestro,Master-Lautstärke,Мастер-громкость,マスター音量,مستوى الماستر,मास्टर वॉल्यूम
Max level,Max level,Taumata mōrahi,Nivel máx.,Maximalpegel,Макс. уровень,最大レベル,أقصى مستوى,अधिकतम स्तर
Media,Media,Pāpāho,Medios,Medien,Медиа,メディア,الوسائط,मीडिया
MEM -- MB,MEM -- MB,MAH -- MB,MEM -- MB,SPE -- MB,ПАМ -- МБ,MEM -- MB,الذاكرة -- م.ب,MEM -- MB
MEM {0} MB,MEM {0} MB,MAH {0} MB,MEM {0} MB,SPE {0} MB,ПАМ {0} МБ,MEM {0} MB,الذاكرة {0} م.ب,MEM {0} MB
Memo,Memo,Manatu,Nota,Memo,Заметка,メモ,مذكرة,मेमो
Memo cue — double-click to edit notes.,Memo cue — double-click to edit notes.,Tohu manatu — pāwhiri-rua kia whakatika tuhipoka.,Cue de nota — doble clic para editar.,Memo-Cue — Doppelklick zum Bearbeiten der Notizen.,Реплика-заметка — двойной щелчок для правки.,メモキュー — ダブルクリックでメモを編集。,إشارة مذكرة — انقر نقراً مزدوجاً لتحرير الملاحظات.,मेमो क्यू — नोट संपादित करने के लिए डबल-क्लिक करें।
Memory usage,Memory usage,Whakamahinga pūmahara,Uso de memoria,Speichernutzung,Использование памяти,メモリ使用量,استخدام الذاكرة,मेमोरी उपयोग
Memory usage (this process),Memory usage (this process),Whakamahinga pūmahara (tēnei hātepe),Uso de memoria (este proceso),Speichernutzung (dieser Prozess),Память (этот процесс),メモリ使用量（このプロセス）,استخدام الذاكرة (هذه العملية),मेमोरी उपयोग (यह प्रक्रिया)
MIDI,MIDI,MIDI,MIDI,MIDI,MIDI,MIDI,MIDI,MIDI
MIDI (disabled):,MIDI (disabled):,MIDI (kua monokia):,MIDI (desactivado):,MIDI (deaktiviert):,MIDI (выкл.):,MIDI（無効）:,MIDI (معطّل):,MIDI (अक्षम):
MIDI All Notes/Sound Off.,MIDI All Notes/Sound Off.,MIDI All Notes/Sound Off.,MIDI All Notes/Sound Off.,MIDI All Notes/Sound Off.,MIDI All Notes/Sound Off.,MIDI All Notes/Sound Off.,MIDI All Notes/Sound Off.,MIDI All Notes/Sound Off.
MIDI channel 1–16. Set to 0 for any channel.,MIDI channel 1–16. Set to 0 for any channel.,"Hongere MIDI 1–16. 0 mō tēnā hongere, tēnā hongere.",Canal MIDI 1–16. 0 para cualquier canal.,MIDI-Kanal 1–16. 0 = beliebiger Kanal.,MIDI-канал 1–16. 0 = любой канал.,MIDI チャンネル 1–16。0 は全チャンネル。,قناة MIDI 1–16. اضبط 0 لأي قناة.,MIDI चैनल 1–16। 0 = कोई भी चैनल।
MIDI input devices and live monitor,MIDI input devices and live monitor,MIDI input devices and live monitor,MIDI input devices and live monitor,MIDI input devices and live monitor,MIDI input devices and live monitor,MIDI input devices and live monitor,MIDI input devices and live monitor,MIDI input devices and live monitor
MIDI Input Map,MIDI Input Map,Mahere tāuru MIDI,Mapa de entrada MIDI,MIDI-Eingabezuordnung,Карта ввода MIDI,MIDI 入力マップ,خريطة إدخال MIDI,MIDI इनपुट मैप
MIDI message type to match.,MIDI message type to match.,Momo karere MIDI hei ōrite.,Tipo de mensaje MIDI a coincidir.,Abzugleichender MIDI-Nachrichtentyp.,Тип MIDI-сообщения для совпадения.,一致させる MIDI メッセージ種別。,نوع رسالة MIDI المطلوب مطابقتها.,मिलान के लिए MIDI संदेश प्रकार।
MIDI Monitor,MIDI Monitor,Matawai MIDI,Monitor MIDI,MIDI-Monitor,Монитор MIDI,MIDI モニター,مراقب MIDI,MIDI मॉनिटर
MIDI off,MIDI off,MIDI weto,MIDI apagado,MIDI aus,MIDI выкл.,MIDI オフ,MIDI متوقف,MIDI बंद
MIDI Output,MIDI Output,Putanga MIDI,Salida MIDI,MIDI-Ausgang,MIDI-выход,MIDI 出力,مخرج MIDI,MIDI आउटपुट
MIDI:,MIDI:,MIDI:,MIDI:,MIDI:,MIDI:,MIDI:,MIDI:,MIDI:
MIDI… (Esc),MIDI… (Esc),MIDI… (Esc),MIDI… (Esc),MIDI… (Esc),MIDI… (Esc),MIDI… (Esc),MIDI… (Esc),MIDI… (Esc)
Min level (silence),Min level (silence),Taumata iti (wahangū),Nivel mín. (silencio),Minimalpegel (Stille),Мин. уровень (тишина),最小レベル（無音）,أدنى مستوى (صمت),न्यूनतम स्तर (मौन)
Minimize,Minimize,Whakaiti,Minimizar,Minimieren,Свернуть,最小化,تصغير,छोटा करें
Minutes between automatic saves. 0 disables autosave.,Minutes between automatic saves. 0 disables autosave.,Minutes between automatic saves. 0 disables autosave.,Minutes between automatic saves. 0 disables autosave.,Minutes between automatic saves. 0 disables autosave.,Minutes between automatic saves. 0 disables autosave.,Minutes between automatic saves. 0 disables autosave.,Minutes between automatic saves. 0 disables autosave.,Minutes between automatic saves. 0 disables autosave.
Mode:,Mode:,Aratau:,Modo:,Modus:,Режим:,モード:,الوضع:,मोड:
Move playhead to 0,Move playhead to 0,Neke te upoko purei ki te 0,Mover cabezal a 0,Playhead auf 0 setzen,Переместить курсор на 0,再生ヘッドを 0 へ,نقل رأس التشغيل إلى 0,प्लेहेड को 0 पर ले जाएँ
Move playhead to number.,Move playhead to number.,Move playhead to number.,Move playhead to number.,Move playhead to number.,Move playhead to number.,Move playhead to number.,Move playhead to number.,Move playhead to number.
Move selected layer down (toward bottom / drawn behind),Move selected layer down (toward bottom / drawn behind),Move selected layer down (toward bottom / drawn behind),Move selected layer down (toward bottom / drawn behind),Move selected layer down (toward bottom / drawn behind),Move selected layer down (toward bottom / drawn behind),Move selected layer down (toward bottom / drawn behind),Move selected layer down (toward bottom / drawn behind),Move selected layer down (toward bottom / drawn behind)
Move selected layer up (toward top / drawn on top),Move selected layer up (toward top / drawn on top),Move selected layer up (toward top / drawn on top),Move selected layer up (toward top / drawn on top),Move selected layer up (toward top / drawn on top),Move selected layer up (toward top / drawn on top),Move selected layer up (toward top / drawn on top),Move selected layer up (toward top / drawn on top),Move selected layer up (toward top / drawn on top)
Multi-edit cues,Multi-edit cues,Multi-edit cues,Multi-edit cues,Multi-edit cues,Multi-edit cues,Multi-edit cues,Multi-edit cues,Multi-edit cues
MULTI-EDITING,MULTI-EDITING,WHAKATIKA-MAHA,EDICIÓN MÚLTIPLE,MEHRFACHBEARBEITUNG,МУЛЬТИРЕДАКТИРОВАНИЕ,複数編集中,تحرير متعدد,मल्टी-संपादन
Multiple Files Action:,Multiple Files Action:,Mahi kōnae maha:,Acción con varios archivos:,Aktion bei mehreren Dateien:,Действие для нескольких файлов:,複数ファイルの操作:,إجراء الملفات المتعددة:,एकाधिक फ़ाइल क्रिया:
Mute All Audio,Mute All Audio,Whakamū katoa te oro,Silenciar todo el audio,Gesamtes Audio stumm,Заглушить всё аудио,すべての音声をミュート,كتم كل الصوت,सभी ऑडियो म्यूट
Mute all outputs,Mute all outputs,Whakangū ngā putanga katoa,Silenciar todas las salidas,Alle Ausgänge stumm,Заглушить все выходы,すべての出力をミュート,كتم كل المخرجات,सभी आउटपुट म्यूट
Name,Name,Ingoa,Nombre,Name,Имя,名前,الاسم,नाम
Name of the patch,Name of the patch,Name of the patch,Name of the patch,Name of the patch,Name of the patch,Name of the patch,Name of the patch,Name of the patch
Name:,Name:,Ingoa:,Nombre:,Name:,Имя:,名前:,الاسم:,नाम:
Named OSC send destinations and send monitor,Named OSC send destinations and send monitor,Named OSC send destinations and send monitor,Named OSC send destinations and send monitor,Named OSC send destinations and send monitor,Named OSC send destinations and send monitor,Named OSC send destinations and send monitor,Named OSC send destinations and send monitor,Named OSC send destinations and send monitor
Native library missing,Native library missing,Kāore te puna taketake,Falta la biblioteca nativa,Native Bibliothek fehlt,Нет нативной библиотеки,ネイティブライブラリがありません,المكتبة الأصلية مفقودة,नेटिव लाइब्रेरी गायब
Native MIDI library unavailable,Native MIDI library unavailable,Kāore te puna MIDI taketake i te wātea,Biblioteca MIDI nativa no disponible,Native MIDI-Bibliothek nicht verfügbar,Нативная MIDI-библиотека недоступна,ネイティブ MIDI ライブラリを利用できません,مكتبة MIDI الأصلية غير متاحة,नेटिव MIDI लाइब्रेरी उपलब्ध नहीं
Navigation,Navigation,Whakatere,Navegación,Navigation,Навигация,ナビゲーション,التنقل,नेविगेशन
Never,Never,Never,Never,Never,Never,Never,Never,Never
New Cuelight,New Cuelight,Rama tohu hou,Nuevo Cue Light,Neues Cue-Light,Новый Cue Light,新しいキューライト,ضوء إشارة جديد,नई क्यू लाइट
New Folder,New Folder,Kōpaki hōu,Nueva carpeta,Neuer Ordner,Новая папка,新しいフォルダ,مجلد جديد,नया फ़ोल्डर
New OSC Connection,New OSC Connection,Hononga OSC hou,Nueva conexión OSC,Neue OSC-Verbindung,Новое OSC-подключение,新しい OSC 接続,اتصال OSC جديد,नया OSC कनेक्शन
New Patch,New Patch,Pātene hōu,Nuevo patch,Neuer Patch,Новый патч,新しいパッチ,تصحيح جديد,नया पैच
New Session,New Session,Wātū hōu,Nueva sesión,Neue Sitzung,Новая сессия,新しいセッション,جلسة جديدة,नया सत्र
New Shell,New Shell,Anga hōu,Nuevo shell,Neue Hülle,Новая оболочка,新しいシェル,غلاف جديد,नया शेल
New Show,New Show,Whakaaturanga hou,Show nuevo,Neue Show,Новое шоу,新しいショー,عرض جديد,नया शो
Next cue,Next cue,Tohu panuku,Siguiente cue,Nächster Cue,Следующая реплика,次のキュー,الإشارة التالية,अगला क्यू
Next cue to be played (current selection).,Next cue to be played (current selection).,Next cue to be played (current selection).,Next cue to be played (current selection).,Next cue to be played (current selection).,Next cue to be played (current selection).,Next cue to be played (current selection).,Next cue to be played (current selection).,Next cue to be played (current selection).
No audio (still image),No audio (still image),Kāore he oro (atahanga tū),Sin audio (imagen fija),Kein Audio (Standbild),Нет аудио (кадр),音声なし（静止画）,لا صوت (صورة ثابتة),कोई ऑडियो नहीं (स्थिर छवि)
No audio devices open.,No audio devices open.,Kāore he pūrere oro e tuwhera ana.,No hay dispositivos de audio abiertos.,Keine Audiogeräte geöffnet.,Нет открытых аудиоустройств.,開いているオーディオデバイスはありません。,لا أجهزة صوت مفتوحة.,कोई ऑडियो डिवाइस खुला नहीं।
No Audio File,No Audio File,Kāore he kōnae oro,Sin archivo de audio,Keine Audiodatei,Нет аудиофайла,オーディオファイルなし,لا ملف صوت,कोई ऑडियो फ़ाइल नहीं
No audio in file,No audio in file,Kāore he oro i te kōnae,No hay audio en el archivo,Kein Audio in der Datei,В файле нет аудио,ファイルに音声がありません,لا صوت في الملف,फ़ाइल में ऑडियो नहीं
No audio on {0} selected cue(s),No audio on {0} selected cue(s),Kāore he oro i ngā tohu {0} kua tīpakohia,Sin audio en {0} cue(s) seleccionadas,Kein Audio auf {0} ausgewählten Cue(s),Нет аудио у {0} выделенных реплик,選択した {0} 件のキューに音声がありません,لا صوت على {0} إشارة محددة,{0} चयनित क्यू पर ऑडियो नहीं
No available connections,No available connections,Kāore he hononga wātea,No hay conexiones disponibles,Keine verfügbaren Verbindungen,Нет доступных подключений,利用できる接続がありません,لا اتصالات متاحة,कोई कनेक्शन उपलब्ध नहीं
No connections,No connections,Kāore he hononga,Sin conexiones,Keine Verbindungen,Нет подключений,接続なし,لا اتصالات,कोई कनेक्शन नहीं
No cue numbers available.,No cue numbers available.,Kāore he tau tohu e wātea ana.,No hay números de cue disponibles.,Keine Cue-Nummern verfügbar.,Нет номеров реплик.,キュー番号がありません。,لا أرقام إشارات متاحة.,कोई क्यू नंबर उपलब्ध नहीं।
No older logs,No older logs,Kāore he rātaka tawhito,No hay registros más antiguos,Keine älteren Protokolle,Нет более старых записей,古いログはありません,لا سجلات أقدم,पुराने लॉग नहीं
No Output,No Output,Kāore he putanga,Sin salida,Keine Ausgabe,Нет выхода,出力なし,لا مخرج,कोई आउटपुट नहीं
No output,No output,Kāore he putanga,Sin salida,Keine Ausgabe,Нет выхода,出力なし,لا مخرج,कोई आउटपुट नहीं
No recent show files,No recent show files,Kāore he kōnae whakaaturanga nā nātata,No hay shows recientes,Keine zuletzt verwendeten Showfiles,Нет недавних шоу-файлов,最近のショーファイルはありません,لا ملفات عرض حديثة,कोई हालिया शोफ़ाइल नहीं
No seekable media on target,No seekable media on target,Kāore he pāpāho ka taea te rapu i te ūnga,No hay medio buscable en el destino,Kein suchbares Medium am Ziel,У цели нет медиа с перемоткой,対象にシーク可能なメディアがありません,لا وسائط قابلة للبحث على الهدف,लक्ष्य पर सीक करने योग्य मीडिया नहीं
No Selection,No Selection,Kāore he tīpakonga,Sin selección,Keine Auswahl,Нет выбора,選択なし,لا تحديد,कोई चयन नहीं
No shell selected,No shell selected,Kāore he anga i tīpakohia,Ninguna cáscara seleccionada,Keine Hülle ausgewählt,Оболочка не выбрана,シェルが選択されていません,لم يُحدَّد غلاف,कोई शेल चयनित नहीं
No text component on this cue.,No text component on this cue.,Kāore he wae kupu i tēnei tohu.,Esta cue no tiene componente de texto.,Keine Textkomponente auf diesem Cue.,У этой реплики нет текстового компонента.,このキューにテキストコンポーネントがありません。,لا مكوّن نص على هذه الإشارة.,इस क्यू पर टेक्स्ट घटक नहीं है।
No text on {0} selected cue(s),No text on {0} selected cue(s),Kāore he kupu i ngā tohu {0} kua tīpakohia,Sin texto en {0} cue(s) seleccionadas,Kein Text auf {0} ausgewählten Cue(s),Нет текста у {0} выделенных реплик,選択した {0} 件のキューにテキストがありません,لا نص على {0} إشارة محددة,{0} चयनित क्यू पर टेक्स्ट नहीं
No valid fadable properties,No valid fadable properties,Kāore he āhuatanga memeha whaimana,No hay propiedades fundibles válidas,Keine gültigen überblendbaren Eigenschaften,Нет свойств для фейда,フェード可能なプロパティがありません,لا خصائص قابلة للتدرج,कोई मान्य फ़ेड गुण नहीं
No Video File,No Video File,Kāore he kōnae ataata,Sin archivo de vídeo,Keine Videodatei,Нет видеофайла,ビデオファイルなし,لا ملف فيديو,कोई वीडियो फ़ाइल नहीं
No video on {0} selected cue(s),No video on {0} selected cue(s),Kāore he ataata i ngā tohu {0} kua tīpakohia,Sin vídeo en {0} cue(s) seleccionadas,Kein Video auf {0} ausgewählten Cue(s),Нет видео у {0} выделенных реплик,選択した {0} 件のキューに映像がありません,لا فيديو على {0} إشارة محددة,{0} चयनित क्यू पर वीडियो नहीं
No-op; documents selection scope.,No-op; documents selection scope.,No-op; documents selection scope.,No-op; documents selection scope.,No-op; documents selection scope.,No-op; documents selection scope.,No-op; documents selection scope.,No-op; documents selection scope.,No-op; documents selection scope.
No:,No:,No:,No:,No:,No:,No:,No:,No:
None,None,Kore,Ninguno,Keine,Нет,なし,لا شيء,कोई नहीं
None of the selected cues have a text component. Add text to all selected cues.,None of the selected cues have a text component. Add text to all selected cues.,Kāore tētahi o ngā tohu kua tīpakohia i te wae kupu. Tāpirihia he kupu ki ngā tohu katoa kua tīpakohia.,Ninguna de las cues seleccionadas tiene texto. Añade texto a todas.,Keiner der ausgewählten Cues hat eine Textkomponente. Allen ausgewählten Cues Text hinzufügen.,Ни у одной выделенной реплики нет текста. Добавить текст ко всем выделенным.,選択したキューにテキストコンポーネントがありません。すべてにテキストを追加します。,لا تحتوي أي من الإشارات المحددة على مكوّن نص. أضف نصاً لكل الإشارات المحددة.,किसी चयनित क्यू में टेक्स्ट घटक नहीं है। सभी चयनित क्यू में टेक्स्ट जोड़ें।
None of the selected cues have a video component. Choose a file to add video to all.,None of the selected cues have a video component. Choose a file to add video to all.,Kāore tētahi o ngā tohu kua tīpakohia i te wae ataata. Kōwhiria he kōnae kia tāpiri ataata ki te katoa.,Ninguna de las cues seleccionadas tiene vídeo. Elige un archivo para añadirlo a todas.,"Keiner der ausgewählten Cues hat eine Videokomponente. Datei wählen, um allen Video hinzuzufügen.","Ни у одной выделенной реплики нет видео. Выберите файл, чтобы добавить видео всем.",選択したキューにビデオコンポーネントがありません。ファイルを選んで全員に追加。,لا تحتوي أي من الإشارات المحددة على مكوّن فيديو. اختر ملفاً لإضافة فيديو للجميع.,किसी चयनित क्यू में वीडियो घटक नहीं है। सभी में वीडियो जोड़ने के लिए फ़ाइल चुनें।
None of the selected cues have an audio component. Choose a file to add audio to all.,None of the selected cues have an audio component. Choose a file to add audio to all.,Kāore tētahi o ngā tohu kua tīpakohia i te wae oro. Kōwhiria he kōnae kia tāpiri oro ki te katoa.,Ninguna de las cues seleccionadas tiene audio. Elige un archivo para añadirlo a todas.,"Keiner der ausgewählten Cues hat eine Audiokomponente. Datei wählen, um allen Audio hinzuzufügen.","Ни у одной выделенной реплики нет аудио. Выберите файл, чтобы добавить аудио всем.",選択したキューにオーディオコンポーネントがありません。ファイルを選んで全員に追加。,لا تحتوي أي من الإشارات المحددة على مكوّن صوت. اختر ملفاً لإضافة صوت للجميع.,किसी चयनित क्यू में ऑडियो घटक नहीं है। सभी में ऑडियो जोड़ने के लिए फ़ाइल चुनें।
None of the {0} selected cue(s) have a {1} component.,None of the {0} selected cue(s) have a {1} component.,Kāore tētahi o ngā tohu {0} kua tīpakohia i te wae {1}.,Ninguna de las {0} cue(s) seleccionadas tiene un componente {1}.,Keiner der {0} ausgewählten Cues hat eine {1}-Komponente.,Ни у одной из {0} выделенных реплик нет компонента «{1}».,選択した {0} 件のいずれにも {1} コンポーネントがありません。,لا تحتوي أي من الإشارات المحددة ({0}) على مكوّن {1}.,{0} चयनित क्यू में से किसी में {1} घटक नहीं है।
Not associated with this Cue2 folder.,Not associated with this Cue2 folder.,Not associated with this Cue2 folder.,Not associated with this Cue2 folder.,Not associated with this Cue2 folder.,Not associated with this Cue2 folder.,Not associated with this Cue2 folder.,Not associated with this Cue2 folder.,Not associated with this Cue2 folder.
Not Connected,Not Connected,Kāore i tūhono,No conectado,Nicht verbunden,Не подключено,未接続,غير متصل,कनेक्ट नहीं
Note length (s):,Note length (s):,Note length (s):,Note length (s):,Note length (s):,Note length (s):,Note length (s):,Note length (s):,Note length (s):
"Note number, CC number, or program (0–127).","Note number, CC number, or program (0–127).","Tau noto, tau CC, hōtaka rānei (0–127).","Número de nota, CC o programa (0–127).","Notennummer, CC-Nummer oder Programm (0–127).","Номер ноты, CC или программы (0–127).",ノート番号、CC 番号、またはプログラム（0–127）。,رقم النغمة أو CC أو البرنامج (0–127).,"नोट नंबर, CC नंबर, या प्रोग्राम (0–127)।"
Notes,Notes,Tuhipoka,Notas,Notizen,Заметки,メモ,ملاحظات,नोट्स
Notes for the standby cue.,Notes for the standby cue.,Notes for the standby cue.,Notes for the standby cue.,Notes for the standby cue.,Notes for the standby cue.,Notes for the standby cue.,Notes for the standby cue.,Notes for the standby cue.
Number,Number,Tau,Número,Nummer,Номер,番号,الرقم,संख्या
Number:,Number:,Tau:,Número:,Nummer:,Номер:,番号:,الرقم:,संख्या:
Offset -,Offset -,Offset -,Offset -,Offset -,Offset -,Offset -,Offset -,Offset -
Offset from the target display origin (X),Offset from the target display origin (X),Offset from the target display origin (X),Offset from the target display origin (X),Offset from the target display origin (X),Offset from the target display origin (X),Offset from the target display origin (X),Offset from the target display origin (X),Offset from the target display origin (X)
Offset from the target display origin (Y),Offset from the target display origin (Y),Offset from the target display origin (Y),Offset from the target display origin (Y),Offset from the target display origin (Y),Offset from the target display origin (Y),Offset from the target display origin (Y),Offset from the target display origin (Y),Offset from the target display origin (Y)
OK,OK,Āe,Aceptar,OK,ОК,OK,حسناً,ठीक
Only one active instance,Only one active instance,Kotahi anake te tūnga hohe,Solo una instancia activa,Nur eine aktive Instanz,Только один активный экземпляр,アクティブインスタンスは 1 つのみ,نسخة نشطة واحدة فقط,केवल एक सक्रिय इंस्टेंस
Op%,Op%,Op%,Op%,Op%,Op%,Op%,Op%,Op%
Opacity,Opacity,Pūataata,Opacidad,Deckkraft,Непрозрачность,不透明度,العتامة,अपारदर्शिता
Opacity %,Opacity %,Pūataata %,Opacidad %,Deckkraft %,Непрозрачность %,不透明度 %,العتامة ٪,अपारदर्शिता %
Opacity from 0% (invisible) to 100% (fully solid). Press Enter to apply. Also updates playing cues.,Opacity from 0% (invisible) to 100% (fully solid). Press Enter to apply. Also updates playing cues.,Pūataata mai i te 0% (kitea-kore) ki te 100% (tino pūataata). Pēhia Enter kia whakamahi. Ka whakahōu hoki i ngā tohu e purei ana.,Opacidad de 0% (invisible) a 100% (sólido). Enter para aplicar. También actualiza cues en reproducción.,Deckkraft von 0% (unsichtbar) bis 100% (voll). Enter zum Übernehmen. Aktualisiert auch spielende Cues.,Непрозрачность от 0% (невидимо) до 100% (полностью). Enter — применить. Меняет и играющие реплики.,不透明度 0%（非表示）〜 100%（完全不透明）。Enter で適用。再生中のキューも更新。,العتامة من 0٪ (غير مرئي) إلى 100٪ (معتم). Enter للتطبيق. يحدّث أيضاً الإشارات قيد التشغيل.,अपारदर्शिता 0% (अदृश्य) से 100% (पूरी तरह ठोस)। लागू करने के लिए Enter। चल रहे क्यू भी अपडेट।
Opacity:,Opacity:,Pūataata:,Opacidad:,Deckkraft:,Непрозрачность:,不透明度:,العتامة:,अपारदर्शिता:
open,open,tuwhera,abierto,offen,открыто,開いています,مفتوح,खुला
Open,Open,Whakatuwhera,Abrir,Öffnen,Открыть,開く,فتح,खोलें
Open a File,Open a File,Whakatuwheratia he kōnae,Abrir un archivo,Datei öffnen,Открыть файл,ファイルを開く,فتح ملف,फ़ाइल खोलें
Open all session MIDI inputs and outputs.,Open all session MIDI inputs and outputs.,Open all session MIDI inputs and outputs.,Open all session MIDI inputs and outputs.,Open all session MIDI inputs and outputs.,Open all session MIDI inputs and outputs.,Open all session MIDI inputs and outputs.,Open all session MIDI inputs and outputs.,Open all session MIDI inputs and outputs.
Open an Audio File,Open an Audio File,Whakatuwheratia he kōnae oro,Abrir un archivo de audio,Audiodatei öffnen,Открыть аудиофайл,オーディオファイルを開く,فتح ملف صوت,ऑडियो फ़ाइल खोलें
Open devices,Open devices,Whakatuwhera pūrere,Abrir dispositivos,Geräte öffnen,Открыть устройства,デバイスを開く,فتح الأجهزة,डिवाइस खोलें
"Open playback interfaces: sample rate, bit depth, output channels, and device buffer size in sample frames.","Open playback interfaces: sample rate, bit depth, output channels, and device buffer size in sample frames.","Open playback interfaces: sample rate, bit depth, output channels, and device buffer size in sample frames.","Open playback interfaces: sample rate, bit depth, output channels, and device buffer size in sample frames.","Open playback interfaces: sample rate, bit depth, output channels, and device buffer size in sample frames.","Open playback interfaces: sample rate, bit depth, output channels, and device buffer size in sample frames.","Open playback interfaces: sample rate, bit depth, output channels, and device buffer size in sample frames.","Open playback interfaces: sample rate, bit depth, output channels, and device buffer size in sample frames.","Open playback interfaces: sample rate, bit depth, output channels, and device buffer size in sample frames."
Open Recent,Open Recent,Huaki nā nātata,Abrir reciente,Zuletzt verwendet,Недавние,最近使ったファイル,فتح الأخيرة,हालिया खोलें
Open release page,Open release page,Open release page,Open release page,Open release page,Open release page,Open release page,Open release page,Open release page
Open Show Folder,Open Show Folder,Huaki te kōpaki whakaaturanga,Abrir carpeta del show,Show-Ordner öffnen,Открыть папку шоу,ショーフォルダを開く,فتح مجلد العرض,शो फ़ोल्डर खोलें
Open the library folder in the system file manager.,Open the library folder in the system file manager.,Whakatuwheratia te kōpaki puna i te kaiwhakahaere kōnae pūnaha.,Abrir la carpeta de biblioteca en el explorador del sistema.,Bibliotheksordner im System-Dateimanager öffnen.,Открыть папку библиотеки в файловом менеджере.,ライブラリフォルダをシステムのファイルマネージャで開く。,فتح مجلد المكتبة في مدير ملفات النظام.,सिस्टम फ़ाइल प्रबंधक में लाइब्रेरी फ़ोल्डर खोलें।
Opening audio devices…,Opening audio devices…,E whakatuwhera ana i ngā pūrere oro…,Abriendo dispositivos de audio…,Audiogeräte werden geöffnet…,Открытие аудиоустройств…,オーディオデバイスを開いています…,جارٍ فتح أجهزة الصوت…,ऑडियो डिवाइस खुल रहे हैं…
Opening show…,Opening show…,E whakatuwhera ana i te whakaaturanga…,Abriendo el show…,Show wird geöffnet…,Открытие шоу…,ショーを開いています…,جارٍ فتح العرض…,शो खुल रहा है…
Opening {0}…,Opening {0}…,E whakatuwhera ana i {0}…,Abriendo {0}…,{0} wird geöffnet…,Открытие {0}…,{0} を開いています…,جارٍ فتح {0}…,{0} खुल रहा है…
Open…,Open…,Huaki…,Abrir…,Öffnen…,Открыть…,開く…,فتح…,खोलें…
"Optional args: 1 0.5 ""hi"" true","Optional args: 1 0.5 ""hi"" true","Optional args: 1 0.5 ""hi"" true","Optional args: 1 0.5 ""hi"" true","Optional args: 1 0.5 ""hi"" true","Optional args: 1 0.5 ""hi"" true","Optional args: 1 0.5 ""hi"" true","Optional args: 1 0.5 ""hi"" true","Optional args: 1 0.5 ""hi"" true"
"Optional arguments: ints, floats, quoted strings, true/false. Space or comma separated.","Optional arguments: ints, floats, quoted strings, true/false. Space or comma separated.","Ngā taupānga kōwhiri: tauoti, tauira, aho kua tohuhia, true/false. Wehea ki te mokowā, piko rānei.","Argumentos opcionales: enteros, decimales, cadenas entre comillas, true/false. Separados por espacio o coma.","Optionale Argumente: Ganzzahlen, Gleitkomma, Zeichenketten in Anführungszeichen, true/false. Leerzeichen oder Komma getrennt.","Необязательные аргументы: целые, дробные, строки в кавычках, true/false. Через пробел или запятую.",オプション引数: 整数、小数、引用符付き文字列、true/false。空白またはカンマ区切り。,وسائط اختيارية: أعداد صحيحة وعشرية ونصوص بين علامات اقتباس وtrue/false. مفصولة بمسافة أو فاصلة.,"वैकल्पिक तर्क: पूर्णांक, दशमलव, उद्धृत स्ट्रिंग, true/false। स्पेस या अल्पविराम से अलग।"
OSC,OSC,OSC,OSC,OSC,OSC,OSC,OSC,OSC
OSC address path (must start with /).,OSC address path (must start with /).,OSC address path (must start with /).,OSC address path (must start with /).,OSC address path (must start with /).,OSC address path (must start with /).,OSC address path (must start with /).,OSC address path (must start with /).,OSC address path (must start with /).
"OSC address path (must start with /). You can include args after a space, e.g. /jump 2 — they move into the args field.","OSC address path (must start with /). You can include args after a space, e.g. /jump 2 — they move into the args field.","Ara wāhitau OSC (me tīmata ki te /). Ka taea ngā taupānga i muri i te mokowā, hei tauira /jump 2 — ka neke ki te āpure args.","Ruta OSC (debe empezar por /). Puedes incluir args tras un espacio, p. ej. /jump 2 — pasan al campo de args.","OSC-Adresspfad (muss mit / beginnen). Argumente nach einem Leerzeichen möglich, z. B. /jump 2 — sie wandern ins Args-Feld.","Путь OSC (должен начинаться с /). Аргументы после пробела, напр. /jump 2 — попадут в поле args.",OSC アドレス（/ で始める）。空白の後に引数可。例: /jump 2 — args 欄に入ります。,مسار عنوان OSC (يجب أن يبدأ بـ /). يمكن تضمين وسائط بعد مسافة مثل /jump 2 — تنتقل إلى حقل الوسائط.,"OSC पता पथ (/ से शुरू होना चाहिए)। स्पेस के बाद आर्ग्स, जैसे /jump 2 — वे आर्ग्स फ़ील्ड में जाएँगे।"
"OSC address that GO's this cue (e.g. /my/fx). Exact match, case-sensitive.","OSC address that GO's this cue (e.g. /my/fx). Exact match, case-sensitive.","Wāhitau OSC e HAERE ai tēnei tohu (hei tauira /my/fx). Ōrite pū, ka kite i ngā pūmatua.","Dirección OSC que hace GO de esta cue (p. ej. /my/fx). Coincidencia exacta, distingue mayúsculas.","OSC-Adresse, die diesen Cue GO’t (z. B. /my/fx). Exakte Übereinstimmung, Groß/Klein relevant.","OSC-адрес, который запускает эту реплику (напр. /my/fx). Точное совпадение, с учётом регистра.",このキューを GO する OSC アドレス（例: /my/fx）。完全一致、大文字小文字を区別。,عنوان OSC الذي يشغّل هذه الإشارة (مثل /my/fx). تطابق تام وحساس لحالة الأحرف.,"इस क्यू को GO करने वाला OSC पता (जैसे /my/fx)। सटीक मिलान, केस-सेंसिटिव।"
OSC Connections,OSC Connections,Hononga OSC,Conexiones OSC,OSC-Verbindungen,OSC-подключения,OSC 接続,اتصالات OSC,OSC कनेक्शन
OSC Input Map,OSC Input Map,Mahere tāuru OSC,Mapa de entrada OSC,OSC-Eingabezuordnung,Карта ввода OSC,OSC 入力マップ,خريطة إدخال OSC,OSC इनपुट मैप
OSC Listen:,OSC Listen:,Whakarongo OSC:,Escucha OSC:,OSC-Empfang:,OSC-приём:,OSC 受信:,استماع OSC:,OSC सुनें:
OSC Listener,OSC Listener,Kaiwhakarongo OSC,Receptor OSC,OSC-Empfänger,OSC-слушатель,OSC リスナー,مستمع OSC,OSC श्रोता
OSC path to send for testing.,OSC path to send for testing.,OSC path to send for testing.,OSC path to send for testing.,OSC path to send for testing.,OSC path to send for testing.,OSC path to send for testing.,OSC path to send for testing.,OSC path to send for testing.
OSC path to send for testing. Args after a space (e.g. /jump 2) are accepted.,OSC path to send for testing. Args after a space (e.g. /jump 2) are accepted.,OSC path to send for testing. Args after a space (e.g. /jump 2) are accepted.,OSC path to send for testing. Args after a space (e.g. /jump 2) are accepted.,OSC path to send for testing. Args after a space (e.g. /jump 2) are accepted.,OSC path to send for testing. Args after a space (e.g. /jump 2) are accepted.,OSC path to send for testing. Args after a space (e.g. /jump 2) are accepted.,OSC path to send for testing. Args after a space (e.g. /jump 2) are accepted.,OSC path to send for testing. Args after a space (e.g. /jump 2) are accepted.
OSC Receive Monitor,OSC Receive Monitor,OSC Receive Monitor,OSC Receive Monitor,OSC Receive Monitor,OSC Receive Monitor,OSC Receive Monitor,OSC Receive Monitor,OSC Receive Monitor
OSC Send Monitor,OSC Send Monitor,OSC Send Monitor,OSC Send Monitor,OSC Send Monitor,OSC Send Monitor,OSC Send Monitor,OSC Send Monitor,OSC Send Monitor
OSC Send:,OSC Send:,Tuku OSC:,Envío OSC:,OSC-Senden:,OSC-отправка:,OSC 送信:,إرسال OSC:,OSC भेजें:
Other,Other,Ētahi atu,Otros,Sonstiges,Прочее,その他,أخرى,अन्य
Out,Out,Out,Out,Out,Out,Out,Out,Out
Outline & background,Outline & background,Outline & background,Outline & background,Outline & background,Outline & background,Outline & background,Outline & background,Outline & background
Outline colour,Outline colour,Outline colour,Outline colour,Outline colour,Outline colour,Outline colour,Outline colour,Outline colour
Outline size,Outline size,Outline size,Outline size,Outline size,Outline size,Outline size,Outline size,Outline size
Output,Output,Putanga,Salida,Ausgabe,Выход,出力,المخرج,आउटपुट
Output background,Output background,Papamuri putanga,Fondo de salida,Ausgabehintergrund,Фон выхода,出力背景,خلفية المخرج,आउटपुट पृष्ठभूमि
Output protection,Output protection,Output protection,Output protection,Output protection,Output protection,Output protection,Output protection,Output protection
Output vsync,Output vsync,VSync putanga,VSync de salida,Ausgabe-VSync,VSync выхода,出力 VSync,مزامنة المخرج,आउटपुट VSync
Output:,Output:,Putanga:,Salida:,Ausgabe:,Выход:,出力:,المخرج:,आउटपुट:
Outputs,Outputs,Ngā putanga,Salidas,Ausgänge,Выходы,出力,المخارج,आउटपुट
Overall audio volume (dB).,Overall audio volume (dB).,Kahaoro katoa (dB).,Volumen de audio general (dB).,Gesamte Audiolautstärke (dB).,Общая громкость аудио (дБ).,全体のオーディオ音量（dB）。,مستوى الصوت الإجمالي (د.ب).,कुल ऑडियो वॉल्यूम (dB)।
Overall audio volume (dB). Applies to active playback only.,Overall audio volume (dB). Applies to active playback only.,Overall audio volume (dB). Applies to active playback only.,Overall audio volume (dB). Applies to active playback only.,Overall audio volume (dB). Applies to active playback only.,Overall audio volume (dB). Applies to active playback only.,Overall audio volume (dB). Applies to active playback only.,Overall audio volume (dB). Applies to active playback only.,Overall audio volume (dB). Applies to active playback only.
Overwrite,Overwrite,Tuhituhi anō,Sobrescribir,Überschreiben,Перезаписать,上書き,استبدال,अधिलेखित करें
Pad,Pad,Pad,Pad,Pad,Pad,Pad,Pad,Pad
Pan,Pan,Pan,Paneo,Panorama,Панорама,パン,تحريك أفقي,पैन
Pan:,Pan:,Pan:,Paneo:,Panorama:,Панорама:,パン:,تحريك:,पैन:
"Pan: C, L/R, L50, R25, or −100…100","Pan: C, L/R, L50, R25, or −100…100","Pan: C, L/R, L50, R25, −100…100 rānei","Paneo: C, L/R, L50, R25 o −100…100","Panorama: C, L/R, L50, R25 oder −100…100","Панорама: C, L/R, L50, R25 или −100…100",パン: C、L/R、L50、R25、または −100…100,التحريك: C أو L/R أو L50 أو R25 أو −100…100,"पैन: C, L/R, L50, R25, या −100…100"
Panic,Panic,Ohorere,Pánico,Panik,Паника,パニック,ذعر,पैनिक
Pass,Pass,Pass,Pass,Pass,Pass,Pass,Pass,Pass
Paste,Paste,Whakapiri,Pegar,Einfügen,Вставить,貼り付け,لصق,पेस्ट
Patch sub-master volume (dB). Drag vertically to scrub. Applied to all cues using this patch.,Patch sub-master volume (dB). Drag vertically to scrub. Applied to all cues using this patch.,Patch sub-master volume (dB). Drag vertically to scrub. Applied to all cues using this patch.,Patch sub-master volume (dB). Drag vertically to scrub. Applied to all cues using this patch.,Patch sub-master volume (dB). Drag vertically to scrub. Applied to all cues using this patch.,Patch sub-master volume (dB). Drag vertically to scrub. Applied to all cues using this patch.,Patch sub-master volume (dB). Drag vertically to scrub. Applied to all cues using this patch.,Patch sub-master volume (dB). Drag vertically to scrub. Applied to all cues using this patch.,Patch sub-master volume (dB). Drag vertically to scrub. Applied to all cues using this patch.
Patch: {0},Patch: {0},Pātene: {0},Parche: {0},Patch: {0},Патч: {0},パッチ: {0},التصحيح: {0},पैच: {0}
Pause,Pause,Tatari,Pausa,Pause,Пауза,一時停止,إيقاف مؤقت,विराम
Pause All,Pause All,Tārewa katoa,Pausar todo,Alle anhalten,Пауза всех,すべて一時停止,إيقاف الكل مؤقتاً,सभी विराम
Pause all cues,Pause all cues,Tatari i ngā tohu katoa,Pausar todas las cues,Alle Cues anhalten,Приостановить все реплики,すべてのキューを一時停止,إيقاف كل الإشارات مؤقتاً,सभी क्यू विराम
Pause.,Pause.,Pause.,Pause.,Pause.,Pause.,Pause.,Pause.,Pause.
Peak clamp ceiling after mix (dBFS). Samples above this absolute level are limited. 0dB = full scale.,Peak clamp ceiling after mix (dBFS). Samples above this absolute level are limited. 0dB = full scale.,Peak clamp ceiling after mix (dBFS). Samples above this absolute level are limited. 0dB = full scale.,Peak clamp ceiling after mix (dBFS). Samples above this absolute level are limited. 0dB = full scale.,Peak clamp ceiling after mix (dBFS). Samples above this absolute level are limited. 0dB = full scale.,Peak clamp ceiling after mix (dBFS). Samples above this absolute level are limited. 0dB = full scale.,Peak clamp ceiling after mix (dBFS). Samples above this absolute level are limited. 0dB = full scale.,Peak clamp ceiling after mix (dBFS). Samples above this absolute level are limited. 0dB = full scale.,Peak clamp ceiling after mix (dBFS). Samples above this absolute level are limited. 0dB = full scale.
Performance,Performance,Mahinga,Rendimiento,Leistung,Производительность,パフォーマンス,الأداء,प्रदर्शन
Performance (show),Performance (show),Mahinga (whakaaturanga),Rendimiento (show),Leistung (Show),Производительность (шоу),パフォーマンス（ショー）,الأداء (العرض),प्रदर्शन (शो)
Pick cue…,Pick cue…,Kōwhiria he tohu…,Elegir cue…,Cue wählen…,Выберите реплику…,キューを選ぶ…,اختر إشارة…,क्यू चुनें…
Play count,Play count,Tatau purei,Recuento de reproducción,Wiedergabeanzahl,Число воспроизведений,再生回数,عدد التشغيل,प्ले गिनती
Play focused cue from the playhead,Play focused cue from the playhead,Pureia te tohu arotahi mai i te upoko purei,Reproducir la cue enfocada desde el cabezal,Fokussierten Cue vom Playhead abspielen,Играть сфокусированную реплику с курсора,フォーカス中のキューを再生ヘッドから再生,تشغيل الإشارة المركّزة من رأس التشغيل,फ़ोकस क्यू को प्लेहेड से चलाएँ
Playback,Playback,Purei,Reproducción,Wiedergabe,Воспроизведение,再生,التشغيل,प्लेबैक
Playcount:,Playcount:,Tatau purei:,Recuento:,Wiedergabeanzahl:,Число воспроизведений:,再生回数:,عدد التشغيل:,प्ले गिनती:
"Playhead time — click the ruler or empty track area to set. ←/→ nudge 0.1s, Shift+←/→ 1s","Playhead time — click the ruler or empty track area to set. ←/→ nudge 0.1s, Shift+←/→ 1s","Wā upoko purei — pāwhiritia te rūrī, te wāhi riu kau rānei. ←/→ 0.1h, Shift+←/→ 1h","Tiempo del cabezal — clic en la regla o pista vacía. ←/→ 0.1s, Mayús+←/→ 1s","Playhead-Zeit — Lineal oder leeren Spur-Bereich klicken. ←/→ 0,1s, Umschalt+←/→ 1s","Время курсора — щёлкните линейку или пустую дорожку. ←/→ 0.1 с, Shift+←/→ 1 с",再生ヘッド時刻 — ルーラーまたは空のトラックをクリック。←/→ 0.1秒、Shift+←/→ 1秒,وقت رأس التشغيل — انقر المسطرة أو منطقة المسار الفارغة. ←/→ 0.1ث، Shift+←/→ 1ث,"प्लेहेड समय — रूलर या खाली ट्रैक पर क्लिक करें। ←/→ 0.1से, Shift+←/→ 1से"
Please wait — a showfile is still loading.,Please wait — a showfile is still loading.,Taihoa — kei te uta tonu tētahi kōnae whakaaturanga.,Espere: todavía se está cargando un showfile.,Bitte warten — ein Showfile wird noch geladen.,Подождите — шоу-файл ещё загружается.,お待ちください — ショーファイル読込中です。,يرجى الانتظار — ما زال ملف العرض يُحمَّل.,प्रतीक्षा करें — शोफ़ाइल अभी लोड हो रही है।
Please wait — a showfile is still loading. Cannot redo.,Please wait — a showfile is still loading. Cannot redo.,Taihoa — kei te uta tonu tētahi kōnae whakaaturanga. Kāore e taea te mahi anō.,Espere: todavía se está cargando un showfile. No se puede rehacer.,Bitte warten — Showfile wird noch geladen. Wiederholen nicht möglich.,Подождите — шоу-файл ещё загружается. Повтор недоступен.,お待ちください — ショーファイル読込中。やり直せません。,يرجى الانتظار — ملف العرض ما زال يُحمَّل. لا يمكن الإعادة.,प्रतीक्षा करें — शोफ़ाइल लोड हो रही है। फिर नहीं कर सकते।
Please wait — a showfile is still loading. Cannot start a new session.,Please wait — a showfile is still loading. Cannot start a new session.,Taihoa — kei te uta tonu tētahi kōnae whakaaturanga. Kāore e taea te tīmata i tētahi wātaka hou.,Espere: todavía se está cargando un showfile. No se puede iniciar una sesión nueva.,Bitte warten — Showfile wird noch geladen. Neue Sitzung nicht möglich.,Подождите — шоу-файл ещё загружается. Новая сессия недоступна.,お待ちください — ショーファイル読込中。新しいセッションは開始できません。,يرجى الانتظار — ملف العرض ما زال يُحمَّل. لا يمكن بدء جلسة جديدة.,प्रतीक्षा करें — शोफ़ाइल लोड हो रही है। नया सत्र नहीं शुरू कर सकते।
Please wait — a showfile is still loading. Cannot undo.,Please wait — a showfile is still loading. Cannot undo.,Taihoa — kei te uta tonu tētahi kōnae whakaaturanga. Kāore e taea te whakakore.,Espere: todavía se está cargando un showfile. No se puede deshacer.,Bitte warten — Showfile wird noch geladen. Rückgängig nicht möglich.,Подождите — шоу-файл ещё загружается. Отмена недоступна.,お待ちください — ショーファイル読込中。元に戻せません。,يرجى الانتظار — ملف العرض ما زال يُحمَّل. لا يمكن التراجع.,प्रतीक्षा करें — शोफ़ाइल लोड हो रही है। पूर्ववत नहीं कर सकते।
Please wait — a showfile is still loading. Cannot {0}.,Please wait — a showfile is still loading. Cannot {0}.,Taihoa — kei te uta tonu tētahi kōnae whakaaturanga. Kāore e taea te {0}.,Espere: todavía se está cargando un showfile. No se puede {0}.,Bitte warten — Showfile wird noch geladen. {0} nicht möglich.,Подождите — шоу-файл ещё загружается. Нельзя: {0}.,お待ちください — ショーファイル読込中。{0} はできません。,يرجى الانتظار — ملف العرض ما زال يُحمَّل. لا يمكن {0}.,प्रतीक्षा करें — शोफ़ाइल लोड हो रही है। {0} नहीं कर सकते।
Port,Port,Port,Port,Port,Port,Port,Port,Port
Pos X,Pos X,Tū X,Pos X,Pos X,Поз. X,位置 X,س X,स्थिति X
Pos Y,Pos Y,Tū Y,Pos Y,Pos Y,Поз. Y,位置 Y,ص Y,स्थिति Y
Pos:,Pos:,Tū:,Pos:,Pos:,Поз.:,位置:,الموضع:,स्थिति:
Position:,Position:,Tūnga:,Posición:,Position:,Положение:,位置:,الموضع:,स्थिति:
Post-Wait,Post-Wait,Tārewa-muri,Post-espera,Nachwartezeit,Пост-пауза,ポストウェイト,انتظار لاحق,पोस्ट-वेट
Post-wait,Post-wait,Tataritanga-muri,Postespera,Nachwartezeit,Пост-пауза,ポストウェイト,انتظار لاحق,पोस्ट-वेट
Post-wait:,Post-wait:,Tārewa-muri:,Post-espera:,Nachwartezeit:,Пост-пауза:,ポストウェイト:,انتظار لاحق:,पोस्ट-वेट:
Post-wait: delay on the next cue after Auto-continue (when this cue's content phase starts) or Auto-follow (when this cue completes). 0 = next starts at that moment.,Post-wait: delay on the next cue after Auto-continue (when this cue's content phase starts) or Auto-follow (when this cue completes). 0 = next starts at that moment.,Tataritanga-muri: roa i te tohu panuku i muri i te Haere-aunoa (ina tīmata te wāhanga ihirangi) te Whai-aunoa rānei (ina oti tēnei tohu). 0 = ka tīmata tonu te panuku.,Postespera: retraso de la siguiente cue tras Auto-continuar (al empezar el contenido) o Auto-seguir (al completar esta). 0 = la siguiente empieza al momento.,Nachwartezeit: Verzögerung des nächsten Cues nach Auto-Continue (wenn die Inhaltsphase dieses Cues startet) oder Auto-Follow (wenn dieser Cue endet). 0 = nächster startet sofort.,Пост-пауза: задержка следующей реплики после автопродолжения (старт содержимого) или автоследования (завершение этой). 0 = следующая стартует сразу.,ポストウェイト: オートコンティニュー（内容開始時）またはオートフォロー（完了時）の次キュー遅延。0 = その瞬間に次が開始。,الانتظار اللاحق: تأخير الإشارة التالية بعد المتابعة التلقائية (عند بدء محتوى هذه) أو التتبع التلقائي (عند اكتمالها). 0 = التالية تبدأ فوراً.,पोस्ट-वेट: ऑटो-कंटिन्यू (सामग्री शुरू) या ऑटो-फ़ॉलो (यह पूरा) के बाद अगले क्यू की देरी। 0 = अगला तुरंत शुरू।
Pre-Wait,Pre-Wait,Tārewa-mua,Pre-espera,Vorwartezeit,Предварительная пауза,プリウェイト,انتظار مسبق,प्री-वेट
Pre-wait,Pre-wait,Tataritanga-mua,Preespera,Vorwartezeit,Предварительная пауза,プリウェイト,انتظار مسبق,प्री-वेट
Pre-wait:,Pre-wait:,Tārewa-mua:,Pre-espera:,Vorwartezeit:,Предварительная пауза:,プリウェイト:,انتظار مسبق:,प्री-वेट:
Preload media without GO (standby).,Preload media without GO (standby).,Preload media without GO (standby).,Preload media without GO (standby).,Preload media without GO (standby).,Preload media without GO (standby).,Preload media without GO (standby).,Preload media without GO (standby).,Preload media without GO (standby).
Press key... (Esc cancels),Press key... (Esc cancels),Pēhia he pātuhi... (ka whakakore a Esc),Pulsa una tecla... (Esc cancela),Taste drücken… (Esc bricht ab),Нажмите клавишу… (Esc отменяет),キーを押す…（Esc でキャンセル）,اضغط مفتاحاً… (Esc يلغي),कुंजी दबाएँ... (Esc रद्द करता है)
Preview,Preview,Arokite,Vista previa,Vorschau,Предпросмотр,プレビュー,معاينة,पूर्वावलोकन
Preview quality,Preview quality,Kounga arokite,Calidad de vista previa,Vorschaqualität,Качество предпросмотра,プレビュー品質,جودة المعاينة,पूर्वावलोकन गुणवत्ता
Private: {0} MB,Private: {0} MB,Tūmataiti: {0} MB,Privada: {0} MB,Privat: {0} MB,Частная: {0} МБ,プライベート: {0} MB,خاص: {0} م.ب,निजी: {0} MB
PROPERTIES,PROPERTIES,ĀHUATANGA,PROPIEDADES,EIGENSCHAFTEN,СВОЙСТВА,プロパティ,الخصائص,गुण
Property fade duration. 0 = snap immediately. Default 1s.,Property fade duration. 0 = snap immediately. Default 1s.,Property fade duration. 0 = snap immediately. Default 1s.,Property fade duration. 0 = snap immediately. Default 1s.,Property fade duration. 0 = snap immediately. Default 1s.,Property fade duration. 0 = snap immediately. Default 1s.,Property fade duration. 0 = snap immediately. Default 1s.,Property fade duration. 0 = snap immediately. Default 1s.,Property fade duration. 0 = snap immediately. Default 1s.
Property:,Property:,Āhuatanga:,Propiedad:,Eigenschaft:,Свойство:,プロパティ:,الخاصية:,गुण:
Push /reply/playhead to the last remote that sent OSC (when selection changes).,Push /reply/playhead to the last remote that sent OSC (when selection changes).,Push /reply/playhead to the last remote that sent OSC (when selection changes).,Push /reply/playhead to the last remote that sent OSC (when selection changes).,Push /reply/playhead to the last remote that sent OSC (when selection changes).,Push /reply/playhead to the last remote that sent OSC (when selection changes).,Push /reply/playhead to the last remote that sent OSC (when selection changes).,Push /reply/playhead to the last remote that sent OSC (when selection changes).,Push /reply/playhead to the last remote that sent OSC (when selection changes).
Push playhead,Push playhead,Push playhead,Push playhead,Push playhead,Push playhead,Push playhead,Push playhead,Push playhead
Quit Cue2,Quit Cue2,Waiho Cue2,Salir de Cue2,Cue2 beenden,Выйти из Cue2,Cue2 を終了,إنهاء Cue2,Cue2 छोड़ें
"Raised-cosine fade-in after start, seek, and resume to suppress silence-to-sample clicks. 0 = off.","Raised-cosine fade-in after start, seek, and resume to suppress silence-to-sample clicks. 0 = off.","Raised-cosine fade-in after start, seek, and resume to suppress silence-to-sample clicks. 0 = off.","Raised-cosine fade-in after start, seek, and resume to suppress silence-to-sample clicks. 0 = off.","Raised-cosine fade-in after start, seek, and resume to suppress silence-to-sample clicks. 0 = off.","Raised-cosine fade-in after start, seek, and resume to suppress silence-to-sample clicks. 0 = off.","Raised-cosine fade-in after start, seek, and resume to suppress silence-to-sample clicks. 0 = off.","Raised-cosine fade-in after start, seek, and resume to suppress silence-to-sample clicks. 0 = off.","Raised-cosine fade-in after start, seek, and resume to suppress silence-to-sample clicks. 0 = off."
Reading showfile…,Reading showfile…,E pānui ana i te kōnae whakaaturanga…,Leyendo el archivo de show…,Showfile wird gelesen…,Чтение шоу-файла…,ショーファイルを読み込み中…,جارٍ قراءة ملف العرض…,शोफ़ाइल पढ़ी जा रही है…
Ready to install.,Ready to install.,Ready to install.,Ready to install.,Ready to install.,Ready to install.,Ready to install.,Ready to install.,Ready to install.
Recheck network connection,Recheck network connection,Recheck network connection,Recheck network connection,Recheck network connection,Recheck network connection,Recheck network connection,Recheck network connection,Recheck network connection
Redo,Redo,Mahi anō,Rehacer,Wiederholen,Повторить,やり直す,إعادة,फिर करें
Refresh,Refresh,Tāmata anō,Actualizar,Aktualisieren,Обновить,更新,تحديث,ताज़ा करें
"Refresh all screens and outputs (restore closed windows, re-check displays)","Refresh all screens and outputs (restore closed windows, re-check displays)","Refresh all screens and outputs (restore closed windows, re-check displays)","Refresh all screens and outputs (restore closed windows, re-check displays)","Refresh all screens and outputs (restore closed windows, re-check displays)","Refresh all screens and outputs (restore closed windows, re-check displays)","Refresh all screens and outputs (restore closed windows, re-check displays)","Refresh all screens and outputs (restore closed windows, re-check displays)","Refresh all screens and outputs (restore closed windows, re-check displays)"
Refresh device list,Refresh device list,Refresh device list,Refresh device list,Refresh device list,Refresh device list,Refresh device list,Refresh device list,Refresh device list
Register .c2 files so they use the Cue2 icon and open in Cue2 when double-clicked.,Register .c2 files so they use the Cue2 icon and open in Cue2 when double-clicked.,Register .c2 files so they use the Cue2 icon and open in Cue2 when double-clicked.,Register .c2 files so they use the Cue2 icon and open in Cue2 when double-clicked.,Register .c2 files so they use the Cue2 icon and open in Cue2 when double-clicked.,Register .c2 files so they use the Cue2 icon and open in Cue2 when double-clicked.,Register .c2 files so they use the Cue2 icon and open in Cue2 when double-clicked.,Register .c2 files so they use the Cue2 icon and open in Cue2 when double-clicked.,Register .c2 files so they use the Cue2 icon and open in Cue2 when double-clicked.
Relative seek.,Relative seek.,Rapu whakatairite.,Búsqueda relativa.,Relatives Suchen.,Относительный переход.,相対シーク。,بحث نسبي.,सापेक्ष सीक।
Release notes,Release notes,Release notes,Release notes,Release notes,Release notes,Release notes,Release notes,Release notes
Release notes appear here after a check.,Release notes appear here after a check.,Release notes appear here after a check.,Release notes appear here after a check.,Release notes appear here after a check.,Release notes appear here after a check.,Release notes appear here after a check.,Release notes appear here after a check.,Release notes appear here after a check.
Reload library folders and entries from disk.,Reload library folders and entries from disk.,Uta anō ngā kōpaki me ngā tāurunga puna mai i te kōpae.,Recargar carpetas y entradas de la biblioteca desde el disco.,Bibliotheksordner und Einträge von der Festplatte neu laden.,Перезагрузить папки и записи библиотеки с диска.,ライブラリのフォルダと項目をディスクから再読込。,إعادة تحميل مجلدات وإدخالات المكتبة من القرص.,डिस्क से लाइब्रेरी फ़ोल्डर और प्रविष्टियाँ फिर लोड करें।
Remove '{0}' from session outputs,Remove '{0}' from session outputs,Tangohia '{0}' i ngā putanga wātū,Quitar '{0}' de las salidas de sesión,„{0}“ aus den Sitzungsausgängen entfernen,Удалить «{0}» из выходов сессии,セッション出力から「{0}」を削除,إزالة «{0}» من مخارج الجلسة,सत्र आउटपुट से '{0}' हटाएँ
Remove '{0}' from this session,Remove '{0}' from this session,Tangohia '{0}' i tēnei wātū,Quitar '{0}' de esta sesión,„{0}“ aus dieser Sitzung entfernen,Удалить «{0}» из этой сессии,このセッションから「{0}」を削除,إزالة «{0}» من هذه الجلسة,इस सत्र से '{0}' हटाएँ
Remove text component from this cue,Remove text component from this cue,Remove text component from this cue,Remove text component from this cue,Remove text component from this cue,Remove text component from this cue,Remove text component from this cue,Remove text component from this cue,Remove text component from this cue
Remove text component from {0} cue(s),Remove text component from {0} cue(s),Tangohia te wae kupu i ngā tohu {0},Quitar el componente de texto de {0} cue(s),Textkomponente von {0} Cue(s) entfernen,Удалить текстовый компонент у {0} реплик,{0} 件のキューからテキストコンポーネントを削除,إزالة مكوّن النص من {0} إشارة,{0} क्यू से टेक्स्ट घटक हटाएँ
Remove the audio component from this cue.,Remove the audio component from this cue.,Tangohia te wae oro i tēnei tohu.,Quitar el componente de audio de esta cue.,Audiokomponente von diesem Cue entfernen.,Удалить аудиокомпонент с этой реплики.,このキューからオーディオコンポーネントを削除。,إزالة مكوّن الصوت من هذه الإشارة.,इस क्यू से ऑडियो घटक हटाएँ।
Remove the video component from this cue.,Remove the video component from this cue.,Tangohia te wae ataata i tēnei tohu.,Quitar el componente de vídeo de esta cue.,Videokomponente von diesem Cue entfernen.,Удалить видеокомпонент с этой реплики.,このキューからビデオコンポーネントを削除。,إزالة مكوّن الفيديو من هذه الإشارة.,इस क्यू से वीडियो घटक हटाएँ।
Remove this control,Remove this control,Tangohia tēnei whakahaere,Quitar este control,Diese Steuerung entfernen,Удалить это управление,このコントロールを削除,إزالة عنصر التحكم هذا,यह नियंत्रण हटाएँ
Rename,Rename,Ingoa anō,Renombrar,Umbenennen,Переименовать,名前を変更,إعادة التسمية,नाम बदलें
Rename Cue,Rename Cue,Whakaingoa anō i te tohu,Renombrar cue,Cue umbenennen,Переименовать реплику,キュー名を変更,إعادة تسمية الإشارة,क्यू का नाम बदलें
Rename Folder,Rename Folder,Whakaingoa anō i te kōpaki,Renombrar carpeta,Ordner umbenennen,Переименовать папку,フォルダ名を変更,إعادة تسمية المجلد,फ़ोल्डर का नाम बदलें
Rename the selected entry or folder.,Rename the selected entry or folder.,"Whakaingoatia anō te tāurunga, te kōpaki rānei kua tīpakohia.",Renombrar la entrada o carpeta seleccionada.,Ausgewählten Eintrag oder Ordner umbenennen.,Переименовать выбранную запись или папку.,選択した項目またはフォルダの名前を変更。,إعادة تسمية الإدخال أو المجلد المحدد.,चयनित प्रविष्टि या फ़ोल्डर का नाम बदलें।
Reorder at end (top level),Reorder at end (top level),Whakarārangi ki te mutunga (taumata runga),Reordenar al final (nivel superior),Am Ende einordnen (oberste Ebene),Переставить в конец (верхний уровень),末尾に並べ替え（最上位）,إعادة الترتيب في النهاية (المستوى الأعلى),अंत में क्रम (शीर्ष स्तर)
Replace with,Replace with,Whakakapia ki,Reemplazar con,Ersetzen durch,Заменить на,置換先,استبدال بـ,इससे बदलें
Reply,Reply,Reply,Reply,Reply,Reply,Reply,Reply,Reply
Reply /pong.,Reply /pong.,Reply /pong.,Reply /pong.,Reply /pong.,Reply /pong.,Reply /pong.,Reply /pong.,Reply /pong.
Reply active cue ids.,Reply active cue ids.,Reply active cue ids.,Reply active cue ids.,Reply active cue ids.,Reply active cue ids.,Reply active cue ids.,Reply active cue ids.,Reply active cue ids.
Reply cue status.,Reply cue status.,Reply cue status.,Reply cue status.,Reply cue status.,Reply cue status.,Reply cue status.,Reply cue status.,Reply cue status.
Reply playhead id/num/name.,Reply playhead id/num/name.,Reply playhead id/num/name.,Reply playhead id/num/name.,Reply playhead id/num/name.,Reply playhead id/num/name.,Reply playhead id/num/name.,Reply playhead id/num/name.,Reply playhead id/num/name.
"Reply to the sender of /ping, /playhead, /active, /cue/status (UDP origin address:port).","Reply to the sender of /ping, /playhead, /active, /cue/status (UDP origin address:port).","Reply to the sender of /ping, /playhead, /active, /cue/status (UDP origin address:port).","Reply to the sender of /ping, /playhead, /active, /cue/status (UDP origin address:port).","Reply to the sender of /ping, /playhead, /active, /cue/status (UDP origin address:port).","Reply to the sender of /ping, /playhead, /active, /cue/status (UDP origin address:port).","Reply to the sender of /ping, /playhead, /active, /cue/status (UDP origin address:port).","Reply to the sender of /ping, /playhead, /active, /cue/status (UDP origin address:port).","Reply to the sender of /ping, /playhead, /active, /cue/status (UDP origin address:port)."
Reset,Reset,Tautuhi anō,Restablecer,Zurücksetzen,Сбросить,リセット,إعادة الضبط,रीसेट
Reset all Cue2 preferences stored for this user. Show files are not deleted.,Reset all Cue2 preferences stored for this user. Show files are not deleted.,Reset all Cue2 preferences stored for this user. Show files are not deleted.,Reset all Cue2 preferences stored for this user. Show files are not deleted.,Reset all Cue2 preferences stored for this user. Show files are not deleted.,Reset all Cue2 preferences stored for this user. Show files are not deleted.,Reset all Cue2 preferences stored for this user. Show files are not deleted.,Reset all Cue2 preferences stored for this user. Show files are not deleted.,Reset all Cue2 preferences stored for this user. Show files are not deleted.
"Reset all Cue2 preferences stored for this user?

This will restore defaults for:
• Language, UI scale, startup, autosave, backup, undo, and log session settings
• Keyboard shortcuts (Input Map)
• Recent show files list
• Remembered window sizes and positions
• Shell column widths

Show files on disk are not deleted.
This cannot be undone.","Reset all Cue2 preferences stored for this user?

This will restore defaults for:
• Language, UI scale, startup, autosave, backup, undo, and log session settings
• Keyboard shortcuts (Input Map)
• Recent show files list
• Remembered window sizes and positions
• Shell column widths

Show files on disk are not deleted.
This cannot be undone.","Reset all Cue2 preferences stored for this user?

This will restore defaults for:
• Language, UI scale, startup, autosave, backup, undo, and log session settings
• Keyboard shortcuts (Input Map)
• Recent show files list
• Remembered window sizes and positions
• Shell column widths

Show files on disk are not deleted.
This cannot be undone.","Reset all Cue2 preferences stored for this user?

This will restore defaults for:
• Language, UI scale, startup, autosave, backup, undo, and log session settings
• Keyboard shortcuts (Input Map)
• Recent show files list
• Remembered window sizes and positions
• Shell column widths

Show files on disk are not deleted.
This cannot be undone.","Reset all Cue2 preferences stored for this user?

This will restore defaults for:
• Language, UI scale, startup, autosave, backup, undo, and log session settings
• Keyboard shortcuts (Input Map)
• Recent show files list
• Remembered window sizes and positions
• Shell column widths

Show files on disk are not deleted.
This cannot be undone.","Reset all Cue2 preferences stored for this user?

This will restore defaults for:
• Language, UI scale, startup, autosave, backup, undo, and log session settings
• Keyboard shortcuts (Input Map)
• Recent show files list
• Remembered window sizes and positions
• Shell column widths

Show files on disk are not deleted.
This cannot be undone.","Reset all Cue2 preferences stored for this user?

This will restore defaults for:
• Language, UI scale, startup, autosave, backup, undo, and log session settings
• Keyboard shortcuts (Input Map)
• Recent show files list
• Remembered window sizes and positions
• Shell column widths

Show files on disk are not deleted.
This cannot be undone.","Reset all Cue2 preferences stored for this user?

This will restore defaults for:
• Language, UI scale, startup, autosave, backup, undo, and log session settings
• Keyboard shortcuts (Input Map)
• Recent show files list
• Remembered window sizes and positions
• Shell column widths

Show files on disk are not deleted.
This cannot be undone.","Reset all Cue2 preferences stored for this user?

This will restore defaults for:
• Language, UI scale, startup, autosave, backup, undo, and log session settings
• Keyboard shortcuts (Input Map)
• Recent show files list
• Remembered window sizes and positions
• Shell column widths

Show files on disk are not deleted.
This cannot be undone."
"Reset all stored user preferences (language, startup, autosave, shortcuts, recent files, window layout).","Reset all stored user preferences (language, startup, autosave, shortcuts, recent files, window layout).","Reset all stored user preferences (language, startup, autosave, shortcuts, recent files, window layout).","Reset all stored user preferences (language, startup, autosave, shortcuts, recent files, window layout).","Reset all stored user preferences (language, startup, autosave, shortcuts, recent files, window layout).","Reset all stored user preferences (language, startup, autosave, shortcuts, recent files, window layout).","Reset all stored user preferences (language, startup, autosave, shortcuts, recent files, window layout).","Reset all stored user preferences (language, startup, autosave, shortcuts, recent files, window layout).","Reset all stored user preferences (language, startup, autosave, shortcuts, recent files, window layout)."
Reset fade time to 1s,Reset fade time to 1s,Reset fade time to 1s,Reset fade time to 1s,Reset fade time to 1s,Reset fade time to 1s,Reset fade time to 1s,Reset fade time to 1s,Reset fade time to 1s
Reset fade to default,Reset fade to default,Tautuhi anō te memeha ki te taunoa,Restablecer fundido,Überblendung auf Standard,Сбросить фейд к умолчанию,フェードを既定に戻す,إعادة التدرج إلى الافتراضي,फ़ेड को डिफ़ॉल्ट पर रीसेट
Reset fade-in to 0,Reset fade-in to 0,Reset fade-in to 0,Reset fade-in to 0,Reset fade-in to 0,Reset fade-in to 0,Reset fade-in to 0,Reset fade-in to 0,Reset fade-in to 0
Reset to default,Reset to default,Tautuhi anō ki te taunoa,Restablecer predeterminado,Auf Standard zurücksetzen,Сбросить к умолчанию,既定に戻す,إعادة إلى الافتراضي,डिफ़ॉल्ट पर रीसेट
Reset to default (no clock),Reset to default (no clock),Tautuhi anō (kāore he karaka),Restablecer (sin reloj),Auf Standard (keine Uhr),Сбросить (без часов),既定に戻す（時計なし）,إعادة إلى الافتراضي (بدون ساعة),डिफ़ॉल्ट (कोई घड़ी नहीं)
"Reset to default (no clock, every day)","Reset to default (no clock, every day)","Reset to default (no clock, every day)","Reset to default (no clock, every day)","Reset to default (no clock, every day)","Reset to default (no clock, every day)","Reset to default (no clock, every day)","Reset to default (no clock, every day)","Reset to default (no clock, every day)"
Reset to default (no hotkey),Reset to default (no hotkey),Tautuhi anō (kāore he pātuhi-wera),Restablecer (sin atajo),Auf Standard (kein Tastenkürzel),Сбросить (без горячей клавиши),既定に戻す（ホットキーなし）,إعادة إلى الافتراضي (بدون اختصار),डिफ़ॉल्ट (कोई हॉटकी नहीं)
Reset to default (no MIDI trigger),Reset to default (no MIDI trigger),Tautuhi anō (kāore he pūtake MIDI),Restablecer (sin disparador MIDI),Auf Standard (kein MIDI-Auslöser),Сбросить (без MIDI-триггера),既定に戻す（MIDI トリガーなし）,إعادة إلى الافتراضي (بدون محفّز MIDI),डिफ़ॉल्ट (कोई MIDI ट्रिगर नहीं)
Reset to default (no MIDI),Reset to default (no MIDI),Tautuhi anō (kāore he MIDI),Restablecer (sin MIDI),Auf Standard (kein MIDI),Сбросить (без MIDI),既定に戻す（MIDI なし）,إعادة إلى الافتراضي (بدون MIDI),डिफ़ॉल्ट (कोई MIDI नहीं)
Reset to default (no OSC trigger),Reset to default (no OSC trigger),Tautuhi anō (kāore he pūtake OSC),Restablecer (sin disparador OSC),Auf Standard (kein OSC-Auslöser),Сбросить (без OSC-триггера),既定に戻す（OSC トリガーなし）,إعادة إلى الافتراضي (بدون محفّز OSC),डिफ़ॉल्ट (कोई OSC ट्रिगर नहीं)
Reset to default (no OSC),Reset to default (no OSC),Tautuhi anō (kāore he OSC),Restablecer (sin OSC),Auf Standard (kein OSC),Сбросить (без OSC),既定に戻す（OSC なし）,إعادة إلى الافتراضي (بدون OSC),डिफ़ॉल्ट (कोई OSC नहीं)
Reset to default ({0}),Reset to default ({0}),Tautuhi anō ({0}),Restablecer ({0}),Auf Standard zurücksetzen ({0}),Сбросить к умолчанию ({0}),既定に戻す ({0}),إعادة إلى الافتراضي ({0}),डिफ़ॉल्ट पर रीसेट ({0})
Reset to default background colour,Reset to default background colour,Reset to default background colour,Reset to default background colour,Reset to default background colour,Reset to default background colour,Reset to default background colour,Reset to default background colour,Reset to default background colour
Reset to default: 0.0dB,Reset to default: 0.0dB,Tautuhi anō: 0.0dB,Restablecer: 0.0dB,Auf Standard: 0.0dB,Сбросить: 0.0 дБ,既定: 0.0dB,افتراضي: 0.0dB,डिफ़ॉल्ट: 0.0dB
Reset to default: 100%,Reset to default: 100%,Tautuhi anō: 100%,Restablecer: 100%,Auf Standard: 100%,Сбросить: 100%,既定: 100%,افتراضي: 100%,डिफ़ॉल्ट: 100%
Reset to default: Balanced,Reset to default: Balanced,Tautuhi anō: Ōrite,Restablecer: Equilibrado,Auf Standard: Ausgewogen,Сбросить: Сбалансировано,既定: バランス,افتراضي: متوازن,डिफ़ॉल्ट: संतुलित
Reset to default: black,Reset to default: black,Tautuhi anō: mangu,Restablecer: negro,Auf Standard: schwarz,Сбросить: чёрный,既定: 黒,افتراضي: أسود,डिफ़ॉल्ट: काला
Reset to default: Center,Reset to default: Center,Tautuhi anō: Waenga,Restablecer: Centro,Auf Standard: Mitte,Сбросить: Центр,既定: 中央,افتراضي: وسط,डिफ़ॉल्ट: केंद्र
Reset to default: First available layer,Reset to default: First available layer,Tautuhi anō: Paparanga wātea tuatahi,Restablecer: primera capa disponible,Auf Standard: Erste verfügbare Ebene,Сбросить: первый доступный слой,既定: 最初の利用可能レイヤー,افتراضي: أول طبقة متاحة,डिफ़ॉल्ट: पहली उपलब्ध परत
Reset to default: Full,Reset to default: Full,Tautuhi anō: Katoa,Restablecer: Completo,Auf Standard: Voll,Сбросить: Полный,既定: フル,افتراضي: كامل,डिफ़ॉल्ट: पूर्ण
Reset to default: Ignore Size,Reset to default: Ignore Size,Tautuhi anō: Waiho te rahi,Restablecer: Ignorar tamaño,Auf Standard: Größe ignorieren,Сбросить: Игнорировать размер,既定: サイズ無視,افتراضي: تجاهل الحجم,डिफ़ॉल्ट: आकार अनदेखा
Reset to default: Keep Aspect Centered,Reset to default: Keep Aspect Centered,"Tautuhi anō: Pupuri āhuahanga, waenga",Restablecer: Mantener aspecto centrado,Auf Standard: Seitenverhältnis zentriert,Сбросить: Пропорции по центру,既定: アスペクト維持・中央,افتراضي: النسبة مع التوسيط,डिफ़ॉल्ट: आस्पेक्ट केंद्रित
Reset to default: Prefer VSync,Reset to default: Prefer VSync,Tautuhi anō: Hiahia VSync,Restablecer: Preferir VSync,Auf Standard: VSync bevorzugen,Сбросить: предпочитать VSync,既定: VSync 優先,افتراضي: تفضيل VSync,डिफ़ॉल्ट: VSync प्राथमिकता
Reset to default: Preferred (Default Patch),Reset to default: Preferred (Default Patch),Tautuhi anō: Manakohia (Pātene taunoa),Restablecer: Preferido (parche predeterminado),Auf Standard: Bevorzugt (Standard-Patch),Сбросить: Предпочтительный (патч по умолчанию),既定: 推奨（デフォルトパッチ）,افتراضي: المفضّل (التصحيح الافتراضي),डिफ़ॉल्ट: पसंदीदा (डिफ़ॉल्ट पैच)
Reset to default: theme font,Reset to default: theme font,Tautuhi anō: momotuhi kaupapa,Restablecer: fuente del tema,Auf Standard: Theme-Schrift,Сбросить: шрифт темы,既定: テーマフォント,افتراضي: خط السمة,डिफ़ॉल्ट: थीम फ़ॉन्ट
Reset to default: Until stopped,Reset to default: Until stopped,Tautuhi anō: Kia tū rā anō,Restablecer: Hasta detener,Auf Standard: Bis gestoppt,Сбросить: Пока не остановят,既定: 停止するまで,افتراضي: حتى الإيقاف,डिफ़ॉल्ट: रुकने तक
Reset to default: Until stopped (images only),Reset to default: Until stopped (images only),Tautuhi anō: Kia tū rā anō (atahanga anake),Restablecer: Hasta detener (solo imágenes),Auf Standard: Bis gestoppt (nur Bilder),Сбросить: Пока не остановят (только изображения),既定: 停止するまで（画像のみ）,افتراضي: حتى الإيقاف (صور فقط),डिफ़ॉल्ट: रुकने तक (केवल छवियाँ)
Reset to default: white,Reset to default: white,Tautuhi anō: mā,Restablecer: blanco,Auf Standard: weiß,Сбросить: белый,既定: 白,افتراضي: أبيض,डिफ़ॉल्ट: सफ़ेद
Reset to factory default OSC path,Reset to factory default OSC path,Reset to factory default OSC path,Reset to factory default OSC path,Reset to factory default OSC path,Reset to factory default OSC path,Reset to factory default OSC path,Reset to factory default OSC path,Reset to factory default OSC path
Reset translate time to 0 (instant),Reset translate time to 0 (instant),Reset translate time to 0 (instant),Reset translate time to 0 (instant),Reset translate time to 0 (instant),Reset translate time to 0 (instant),Reset translate time to 0 (instant),Reset translate time to 0 (instant),Reset translate time to 0 (instant)
Reset User Data,Reset User Data,Tautuhi anō raraunga kaiwhakamahi,Restablecer datos de usuario,Benutzerdaten zurücksetzen,Сбросить данные пользователя,ユーザーデータをリセット,إعادة ضبط بيانات المستخدم,उपयोगकर्ता डेटा रीसेट
RESET_TO_DEFAULT,Reset to default,Tautuhi anō ki te taunoa,Restablecer predeterminado,Auf Standard,К умолчанию,既定に戻す,إلى الافتراضي,डिफ़ॉल्ट पर
Resolution: {0}x{1},Resolution: {0}x{1},Tātārītanga: {0}x{1},Resolución: {0}x{1},Auflösung: {0}x{1},Разрешение: {0}x{1},解像度: {0}x{1},الدقة: {0}×{1},रिज़ॉल्यूशन: {0}x{1}
resource,resource,rauemi,recurso,Ressource,ресурс,リソース,مورد,संसाधन
Resource in use,Resource in use,Kei te whakamahia te rauemi,Recurso en uso,Ressource in Verwendung,Ресурс используется,リソース使用中,المورد قيد الاستخدام,संसाधन उपयोग में
Resume,Resume,Haere anō,Reanudar,Fortsetzen,Продолжить,再開,استئناف,फिर से चलाएँ
Resume All,Resume All,Tīmata anō katoa,Reanudar todo,Alle fortsetzen,Продолжить все,すべて再開,استئناف الكل,सभी फिर चलाएँ
Resume.,Resume.,Resume.,Resume.,Resume.,Resume.,Resume.,Resume.,Resume.
Resumes all paused cues,Resumes all paused cues,Resumes all paused cues,Resumes all paused cues,Resumes all paused cues,Resumes all paused cues,Resumes all paused cues,Resumes all paused cues,Resumes all paused cues
Retry TCP connection,Retry TCP connection,Ngana anō i te hononga TCP,Reintentar conexión TCP,TCP-Verbindung erneut versuchen,Повторить TCP-подключение,TCP 接続を再試行,إعادة محاولة اتصال TCP,TCP कनेक्शन पुनः प्रयास
Reveal,Reveal,Whakaatu,Mostrar,Anzeigen,Показать,表示,إظهار,दिखाएँ
Routing Matrix,Routing Matrix,Mātiti arataki,Matriz de enrutado,Routing-Matrix,Матрица маршрутизации,ルーティングマトリクス,مصفوفة التوجيه,राउटिंग मैट्रिक्स
Run earlier (higher priority),Run earlier (higher priority),Whakahaere wawe (taumata teitei),Ejecutar antes (más prioridad),Früher ausführen (höhere Priorität),Запустить раньше (выше приоритет),より早く実行（優先度高）,تشغيل أبكر (أولوية أعلى),पहले चलाएँ (उच्च प्राथमिकता)
Run later (lower priority),Run later (lower priority),Whakahaere tōmuri (taumata iti),Ejecutar después (menos prioridad),Später ausführen (niedrigere Priorität),Запустить позже (ниже приоритет),より遅く実行（優先度低）,تشغيل لاحقاً (أولوية أقل),बाद में चलाएँ (निम्न प्राथमिकता)
Runtime mute of session master audio (not saved with the show). Same as Settings → Audio.,Runtime mute of session master audio (not saved with the show). Same as Settings → Audio.,Runtime mute of session master audio (not saved with the show). Same as Settings → Audio.,Runtime mute of session master audio (not saved with the show). Same as Settings → Audio.,Runtime mute of session master audio (not saved with the show). Same as Settings → Audio.,Runtime mute of session master audio (not saved with the show). Same as Settings → Audio.,Runtime mute of session master audio (not saved with the show). Same as Settings → Audio.,Runtime mute of session master audio (not saved with the show). Same as Settings → Audio.,Runtime mute of session master audio (not saved with the show). Same as Settings → Audio.
Sample Rate: {0} Hz,Sample Rate: {0} Hz,Au tauira: {0} Hz,Frecuencia de muestreo: {0} Hz,Abtastrate: {0} Hz,Частота дискретизации: {0} Гц,サンプルレート: {0} Hz,معدل العينة: {0} هرتز,सैंपल दर: {0} Hz
Sampling…,Sampling…,Tātauira…,Muestreando…,Messung…,Замер…,計測中…,جارٍ القياس…,नमूना लिया जा रहा है…
Save,Save,Tiaki,Guardar,Speichern,Сохранить,保存,حفظ,सहेजें
Save / Load filter,Save / Load filter,Tātari tiaki/uta,Filtro guardar/cargar,Save / Load filter,Save / Load filter,Save / Load filter,Save / Load filter,Save / Load filter
Save As…,Save As…,Tiaki hei…,Guardar como…,Speichern unter…,Сохранить как…,名前を付けて保存…,حفظ باسم…,इस रूप में सहेजें…
Save selected settings categories to a .c2settings file,Save selected settings categories to a .c2settings file,Save selected settings categories to a .c2settings file,Save selected settings categories to a .c2settings file,Save selected settings categories to a .c2settings file,Save selected settings categories to a .c2settings file,Save selected settings categories to a .c2settings file,Save selected settings categories to a .c2settings file,Save selected settings categories to a .c2settings file
Save Session,Save Session,Tiaki wātū,Guardar sesión,Sitzung speichern,Сохранить сессию,セッションを保存,حفظ الجلسة,सत्र सहेजें
Save the focused cue into the selected library folder.,Save the focused cue into the selected library folder.,Tiakina te tohu arotahi ki te kōpaki puna kua tīpakohia.,Guardar la cue enfocada en la carpeta de biblioteca seleccionada.,Fokussierten Cue im ausgewählten Bibliotheksordner speichern.,Сохранить сфокусированную реплику в выбранную папку библиотеки.,フォーカス中のキューを選択したライブラリフォルダに保存。,حفظ الإشارة المركّزة في مجلد المكتبة المحدد.,फ़ोकस क्यू को चयनित लाइब्रेरी फ़ोल्डर में सहेजें।
Save to Library,Save to Library,Tiaki ki te puna,Guardar en biblioteca,In Bibliothek speichern,Сохранить в библиотеку,ライブラリに保存,حفظ في المكتبة,लाइब्रेरी में सहेजें
Save to Library…,Save to Library…,Tiaki ki te whare pukapuka…,Guardar en biblioteca…,In Bibliothek speichern…,Сохранить в библиотеку…,ライブラリに保存…,حفظ في المكتبة…,लाइब्रेरी में सहेजें…
"Saved with the showfile. Affects decode/present behaviour, inspector preview scale, and output window vsync.","Saved with the showfile. Affects decode/present behaviour, inspector preview scale, and output window vsync.","Saved with the showfile. Affects decode/present behaviour, inspector preview scale, and output window vsync.","Saved with the showfile. Affects decode/present behaviour, inspector preview scale, and output window vsync.","Saved with the showfile. Affects decode/present behaviour, inspector preview scale, and output window vsync.","Saved with the showfile. Affects decode/present behaviour, inspector preview scale, and output window vsync.","Saved with the showfile. Affects decode/present behaviour, inspector preview scale, and output window vsync.","Saved with the showfile. Affects decode/present behaviour, inspector preview scale, and output window vsync.","Saved with the showfile. Affects decode/present behaviour, inspector preview scale, and output window vsync."
Scale resolution -,Scale resolution -,Scale resolution -,Scale resolution -,Scale resolution -,Scale resolution -,Scale resolution -,Scale resolution -,Scale resolution -
"Scales cuelist row height, chrome, and fonts only.
Does not affect the rest of the UI or playback.","Scales cuelist row height, chrome, and fonts only.
Does not affect the rest of the UI or playback.","Scales cuelist row height, chrome, and fonts only.
Does not affect the rest of the UI or playback.","Scales cuelist row height, chrome, and fonts only.
Does not affect the rest of the UI or playback.","Scales cuelist row height, chrome, and fonts only.
Does not affect the rest of the UI or playback.","Scales cuelist row height, chrome, and fonts only.
Does not affect the rest of the UI or playback.","Scales cuelist row height, chrome, and fonts only.
Does not affect the rest of the UI or playback.","Scales cuelist row height, chrome, and fonts only.
Does not affect the rest of the UI or playback.","Scales cuelist row height, chrome, and fonts only.
Does not affect the rest of the UI or playback."
Scales the whole application UI. Saved as a user preference (not with the showfile).,Scales the whole application UI. Saved as a user preference (not with the showfile).,Ka tauine i te atanga katoa. Ka tiakina hei manakohanga kaiwhakamahi (ehara i te kōnae whakaaturanga).,Escala toda la interfaz. Se guarda como preferencia de usuario (no con el showfile).,Skaliert die gesamte Anwendungsoberfläche. Wird als Benutzereinstellung gespeichert (nicht mit der Show).,Масштабирует весь интерфейс. Сохраняется в настройках пользователя (не в шоу-файле).,アプリ全体の UI を拡大縮小します。ユーザー設定として保存（ショーファイルには含まれません）。,يغيّر مقياس واجهة التطبيق بالكامل. يُحفظ كتفضيل مستخدم (وليس مع ملف العرض).,पूरा ऐप UI स्केल करता है। उपयोगकर्ता वरीयता के रूप में सहेजा जाता है (शोफ़ाइल में नहीं)।
"Scales whole UI.
Caution: Will apply on Enter.","Scales whole UI.
Caution: Will apply on Enter.","Whakatauira te UI katoa.
Kia tūpato: Ka whakamahia i te Enter.","Escala toda la UI.
Atención: se aplica al pulsar Intro.","Skaliert die gesamte UI.
Achtung: Wird mit Enter übernommen.","Масштабирует весь интерфейс.
Внимание: применится по Enter.","UI 全体を拡大縮小。
注意: Enter で適用されます。","يغيّر مقياس الواجهة بالكامل.
تنبيه: يُطبَّق عند Enter.","पूरा UI स्केल करता है।
सावधान: Enter पर लागू होगा।"
"Scales whole UI.
Caution: Will apply on mouse release.","Scales whole UI.
Caution: Will apply on mouse release.","Whakatauira te UI katoa.
Kia tūpato: Ka whakamahia i te tuku kiore.","Escala toda la UI.
Atención: se aplica al soltar el ratón.","Skaliert die gesamte UI.
Achtung: Wird beim Loslassen der Maus übernommen.","Масштабирует весь интерфейс.
Внимание: применится при отпускании мыши.","UI 全体を拡大縮小。
注意: マウスを離すと適用されます。","يغيّر مقياس الواجهة بالكامل.
تنبيه: يُطبَّق عند إفلات الفأرة.","पूरा UI स्केल करता है।
सावधान: माउस छोड़ने पर लागू होगा।"
Scan,Scan,Matawai,Escanear,Suchen,Сканировать,スキャン,مسح,स्कैन
Scans the network to discover Cue-Lights,Scans the network to discover Cue-Lights,Scans the network to discover Cue-Lights,Scans the network to discover Cue-Lights,Scans the network to discover Cue-Lights,Scans the network to discover Cue-Lights,Scans the network to discover Cue-Lights,Scans the network to discover Cue-Lights,Scans the network to discover Cue-Lights
Screen,Screen,Mata,Pantalla,Bildschirm,Экран,スクリーン,الشاشة,स्क्रीन
Screen name,Screen name,Ingoa mata,Nombre de pantalla,Bildschirmname,Имя экрана,スクリーン名,اسم الشاشة,स्क्रीन नाम
Screen not found.,Screen not found.,Kāore i kitea te mata.,Pantalla no encontrada.,Bildschirm nicht gefunden.,Экран не найден.,スクリーンが見つかりません。,الشاشة غير موجودة.,स्क्रीन नहीं मिली।
SCREENS,SCREENS,MATA,PANTALLAS,BILDSCHIRME,ЭКРАНЫ,スクリーン,الشاشات,स्क्रीन
Scroll zoomed waveform,Scroll zoomed waveform,Scroll zoomed waveform,Scroll zoomed waveform,Scroll zoomed waveform,Scroll zoomed waveform,Scroll zoomed waveform,Scroll zoomed waveform,Scroll zoomed waveform
Search…,Search…,Rapu…,Buscar…,Suchen…,Поиск…,検索…,بحث…,खोजें…
Seek,Seek,Rapu,Buscar,Suchen,Перемотка,シーク,بحث,सीक
Seek by number.,Seek by number.,Seek by number.,Seek by number.,Seek by number.,Seek by number.,Seek by number.,Seek by number.,Seek by number.
Seek playing audio/video on a target cue (absolute or relative time).,Seek playing audio/video on a target cue (absolute or relative time).,"Rapua te oro/ataata e purei ana i tētahi tohu ūnga (wā pūmau, whakatairite rānei).",Buscar audio/vídeo en reproducción en una cue destino (tiempo absoluto o relativo).,Spielendes Audio/Video eines Ziel-Cues suchen (absolute oder relative Zeit).,Перемотать играющее аудио/видео целевой реплики (абсолютное или относительное время).,対象キューの再生中オーディオ/ビデオをシーク（絶対または相対時刻）。,البحث في الصوت/الفيديو قيد التشغيل على إشارة مستهدفة (وقت مطلق أو نسبي).,लक्ष्य क्यू पर चल रहे ऑडियो/वीडियो को सीक करें (निरपेक्ष या सापेक्ष समय)।
Seek time (absolute media time or relative offset).,Seek time (absolute media time or relative offset).,"Wā rapu (wā pāpāho pūmau, nekehanga whakatairite rānei).",Tiempo de búsqueda (tiempo de medio absoluto o desplazamiento relativo).,Suchzeit (absolute Medienzeit oder relativer Versatz).,Время перемотки (абсолютное время медиа или относительное смещение).,シーク時間（絶対メディア時間または相対オフセット）。,وقت البحث (وقت وسائط مطلق أو إزاحة نسبية).,सीक समय (निरपेक्ष मीडिया समय या सापेक्ष ऑफ़सेट)।
Select a cell to set the fade target level.,Select a cell to set the fade target level.,Select a cell to set the fade target level.,Select a cell to set the fade target level.,Select a cell to set the fade target level.,Select a cell to set the fade target level.,Select a cell to set the fade target level.,Select a cell to set the fade target level.,Select a cell to set the fade target level.
Select a cue to edit its timeline,Select a cue to edit its timeline,Select a cue to edit its timeline,Select a cue to edit its timeline,Select a cue to edit its timeline,Select a cue to edit its timeline,Select a cue to edit its timeline,Select a cue to edit its timeline,Select a cue to edit its timeline
Select a library cue to see details.,Select a library cue to see details.,Select a library cue to see details.,Select a library cue to see details.,Select a library cue to see details.,Select a library cue to see details.,Select a library cue to see details.,Select a library cue to see details.,Select a library cue to see details.
Select All,Select All,Tīpako katoa,Seleccionar todo,Alles auswählen,Выделить всё,すべて選択,تحديد الكل,सभी चुनें
Select an available MIDI input to add it to this session.,Select an available MIDI input to add it to this session.,Select an available MIDI input to add it to this session.,Select an available MIDI input to add it to this session.,Select an available MIDI input to add it to this session.,Select an available MIDI input to add it to this session.,Select an available MIDI input to add it to this session.,Select an available MIDI input to add it to this session.,Select an available MIDI input to add it to this session.
Select an available MIDI output to add it to this session.,Select an available MIDI output to add it to this session.,Select an available MIDI output to add it to this session.,Select an available MIDI output to add it to this session.,Select an available MIDI output to add it to this session.,Select an available MIDI output to add it to this session.,Select an available MIDI output to add it to this session.,Select an available MIDI output to add it to this session.,Select an available MIDI output to add it to this session.
Select an item in the structure tree.,Select an item in the structure tree.,Select an item in the structure tree.,Select an item in the structure tree.,Select an item in the structure tree.,Select an item in the structure tree.,Select an item in the structure tree.,Select an item in the structure tree.,Select an item in the structure tree.
Select by id.,Select by id.,Select by id.,Select by id.,Select by id.,Select by id.,Select by id.,Select by id.,Select by id.
Select by name.,Select by name.,Select by name.,Select by name.,Select by name.,Select by name.,Select by name.,Select by name.,Select by name.
Select by number.,Select by number.,Select by number.,Select by number.,Select by number.,Select by number.,Select by number.,Select by number.,Select by number.
"Select Canvas, a Screen, or a Target Layer.","Select Canvas, a Screen, or a Target Layer.","Tīpakohia te Papa, tētahi Mata, tētahi Paparanga ūnga rānei.","Selecciona Lienzo, una Pantalla o una Capa destino.","Canvas, einen Bildschirm oder eine Zielebene wählen.","Выберите холст, экран или целевой слой.",キャンバス、スクリーン、またはターゲットレイヤーを選択。,اختر اللوحة أو شاشة أو طبقة مستهدفة.,"कैनवास, स्क्रीन या लक्ष्य परत चुनें।"
Select categories to include when saving or loading settings,Select categories to include when saving or loading settings,Select categories to include when saving or loading settings,Select categories to include when saving or loading settings,Select categories to include when saving or loading settings,Select categories to include when saving or loading settings,Select categories to include when saving or loading settings,Select categories to include when saving or loading settings,Select categories to include when saving or loading settings
Select Connection,Select Connection,Tīpako hononga,Seleccionar conexión,Verbindung wählen,Выберите подключение,接続を選択,اختر اتصالاً,कनेक्शन चुनें
Select device to add…,Select device to add…,Tīpakohia he pūrere hei tāpiri…,Seleccionar dispositivo para añadir…,Gerät zum Hinzufügen wählen…,Выберите устройство…,追加するデバイスを選択…,اختر جهازاً لإضافته…,जोड़ने के लिए डिवाइस चुनें…
Select File,Select File,Tīpako kōnae,Seleccionar archivo,Datei wählen,Выберите файл,ファイルを選択,اختر ملفاً,फ़ाइल चुनें
Select new cues,Select new cues,Tīpako tohu hou,Seleccionar cues nuevas,Neue Cues auswählen,Выделять новые реплики,新しいキューを選択,تحديد الإشارات الجديدة,नए क्यू चुनें
Select output to add…,Select output to add…,Tīpakohia he putanga hei tāpiri…,Seleccionar salida para añadir…,Ausgang zum Hinzufügen wählen…,Выберите выход…,追加する出力を選択…,اختر مخرجاً لإضافته…,जोड़ने के लिए आउटपुट चुनें…
Select previous cue.,Select previous cue.,Select previous cue.,Select previous cue.,Select previous cue.,Select previous cue.,Select previous cue.,Select previous cue.,Select previous cue.
Select Video or Image File,Select Video or Image File,"Tīpako kōnae ataata, atahanga rānei",Seleccionar vídeo o imagen,Video- oder Bilddatei wählen,Выберите видео или изображение,ビデオまたは画像ファイルを選択,اختر ملف فيديو أو صورة,वीडियो या छवि फ़ाइल चुनें
Selected alias.,Selected alias.,Selected alias.,Selected alias.,Selected alias.,Selected alias.,Selected alias.,Selected alias.,Selected alias.
Send All Notes Off / All Sound Off on all open outputs.,Send All Notes Off / All Sound Off on all open outputs.,Send All Notes Off / All Sound Off on all open outputs.,Send All Notes Off / All Sound Off on all open outputs.,Send All Notes Off / All Sound Off on all open outputs.,Send All Notes Off / All Sound Off on all open outputs.,Send All Notes Off / All Sound Off on all open outputs.,Send All Notes Off / All Sound Off on all open outputs.,Send All Notes Off / All Sound Off on all open outputs.
Send on all OSC connections.,Send on all OSC connections.,Send on all OSC connections.,Send on all OSC connections.,Send on all OSC connections.,Send on all OSC connections.,Send on all OSC connections.,Send on all OSC connections.,Send on all OSC connections.
"Send the test message on the selected connection (or all, if chosen).","Send the test message on the selected connection (or all, if chosen).","Send the test message on the selected connection (or all, if chosen).","Send the test message on the selected connection (or all, if chosen).","Send the test message on the selected connection (or all, if chosen).","Send the test message on the selected connection (or all, if chosen).","Send the test message on the selected connection (or all, if chosen).","Send the test message on the selected connection (or all, if chosen).","Send the test message on the selected connection (or all, if chosen)."
Send this OSC message now (does not GO the cue).,Send this OSC message now (does not GO the cue).,Tukuna tēnei karere OSC ināianei (kāore e HAERE i te tohu).,Enviar este mensaje OSC ahora (no hace GO de la cue).,Diese OSC-Nachricht jetzt senden (GO’t den Cue nicht).,Отправить это OSC-сообщение сейчас (не запускает реплику).,この OSC メッセージを今送信（キューは GO しません）。,أرسل رسالة OSC هذه الآن (لا تشغّل الإشارة).,यह OSC संदेश अभी भेजें (क्यू GO नहीं होता)।
Session,Session,Wātū,Sesión,Sitzung,Сессия,セッション,الجلسة,सत्र
session ({0}),session ({0}),wātū ({0}),sesión ({0}),Sitzung ({0}),сессия ({0}),セッション ({0}),جلسة ({0}),सत्र ({0})
session device offline,session device offline,pūrere wātū tūātea,dispositivo de sesión desconectado,Sitzungsgerät offline,устройство сессии не в сети,セッションデバイスがオフライン,جهاز الجلسة غير متصل,सत्र डिवाइस ऑफ़लाइन
Session inputs,Session inputs,Ngā tāuru wātū,Entradas de sesión,Sitzungseingänge,Входы сессии,セッション入力,مداخل الجلسة,सत्र इनपुट
Session name,Session name,Ingoa wātū,Nombre de sesión,Sitzungsname,Имя сессии,セッション名,اسم الجلسة,सत्र नाम
Session outputs,Session outputs,Ngā putanga wātū,Salidas de sesión,Sitzungsausgänge,Выходы сессии,セッション出力,مخارج الجلسة,सत्र आउटपुट
session — MIDI off,session — MIDI off,wātū — MIDI weto,sesión — MIDI apagado,Sitzung — MIDI aus,сессия — MIDI выкл.,セッション — MIDI オフ,جلسة — MIDI متوقف,सत्र — MIDI बंद
Session-wide gain applied to all cue audio (standalone and video embedded). Enter dB (0dB = full).,Session-wide gain applied to all cue audio (standalone and video embedded). Enter dB (0dB = full).,Session-wide gain applied to all cue audio (standalone and video embedded). Enter dB (0dB = full).,Session-wide gain applied to all cue audio (standalone and video embedded). Enter dB (0dB = full).,Session-wide gain applied to all cue audio (standalone and video embedded). Enter dB (0dB = full).,Session-wide gain applied to all cue audio (standalone and video embedded). Enter dB (0dB = full).,Session-wide gain applied to all cue audio (standalone and video embedded). Enter dB (0dB = full).,Session-wide gain applied to all cue audio (standalone and video embedded). Enter dB (0dB = full).,Session-wide gain applied to all cue audio (standalone and video embedded). Enter dB (0dB = full).
Settings,Settings,Tautuhinga,Ajustes,Einstellungen,Настройки,設定,الإعدادات,सेटिंग्स
SETTINGS_LANGUAGE,Language,Reo,Idioma,Sprache,Язык,言語,اللغة,भाषा
SETTINGS_LANGUAGE_TOOLTIP,Application interface language. Applies immediately and is saved as a user preference.,"Te reo o te atanga. Ka whakamahia tonutia, ā, ka tiakina hei manakohanga kaiwhakamahi.",Idioma de la interfaz. Se aplica de inmediato y se guarda como preferencia de usuario.,Sprache der Anwendungsschnittstelle. Wird sofort übernommen und als Benutzereinstellung gespeichert.,Язык интерфейса. Применяется сразу и сохраняется в настройках пользователя.,アプリケーションの表示言語。すぐに適用され、ユーザー設定として保存されます。,لغة واجهة التطبيق. تُطبَّق فوراً وتُحفظ كتفضيل مستخدم.,एप्लिकेशन इंटरफ़ेस भाषा। तुरंत लागू होती है और उपयोगकर्ता वरीयता के रूप में सहेजी जाती है।
Settings…,Settings…,Tautuhinga…,Ajustes…,Einstellungen…,Настройки…,設定…,الإعدادات…,सेटिंग्स…
Shell,Shell,Anga,Cáscara,Hülle,Оболочка,シェル,الغلاف,शेल
Shell + Audio / Video / Text inspectors multi-edit selected cues.,Shell + Audio / Video / Text inspectors multi-edit selected cues.,Shell + Audio / Video / Text inspectors multi-edit selected cues.,Shell + Audio / Video / Text inspectors multi-edit selected cues.,Shell + Audio / Video / Text inspectors multi-edit selected cues.,Shell + Audio / Video / Text inspectors multi-edit selected cues.,Shell + Audio / Video / Text inspectors multi-edit selected cues.,Shell + Audio / Video / Text inspectors multi-edit selected cues.,Shell + Audio / Video / Text inspectors multi-edit selected cues.
Shell Colour,Shell Colour,Tae anga,Color del shell,Hüllenfarbe,Цвет оболочки,シェルの色,لون الغلاف,शेल रंग
Show application menu,Show application menu,Whakaatu tahua taupānga,Mostrar menú de la aplicación,Anwendungsmenü anzeigen,Показать меню приложения,アプリメニューを表示,عرض قائمة التطبيق,ऐप मेनू दिखाएँ
Show Files,Show Files,Kōnae whakaaturanga,Archivos del show,Show-Dateien,Файлы шоу,ショーファイル,ملفات العرض,शो फ़ाइलें
Show Mode,Show Mode,Aratau whakaaturanga,Modo show,Show-Modus,Режим шоу,ショーモード,وضع العرض,शो मोड
"Show Mode locks cue editing for live performance.
","Show Mode locks cue editing for live performance.
","Show Mode locks cue editing for live performance.
","Show Mode locks cue editing for live performance.
","Show Mode locks cue editing for live performance.
","Show Mode locks cue editing for live performance.
","Show Mode locks cue editing for live performance.
","Show Mode locks cue editing for live performance.
","Show Mode locks cue editing for live performance.
"
"Show Mode locks cue editing for live performance.
Off = Edit Mode (default): full cue editing.
On = Show Mode: inspectors hidden, shell edits and cue structure locked.
Saved with the showfile.","Show Mode locks cue editing for live performance.
Off = Edit Mode (default): full cue editing.
On = Show Mode: inspectors hidden, shell edits and cue structure locked.
Saved with the showfile.","Ka raka te Aratau Whakaaturanga i te whakatika tohu mō te mahi ora.
Weto = Aratau Whakatika (taunoa): whakatika tohu katoa.
Kā = Aratau Whakaaturanga: hunaia ngā kaitirotiro, raka te anga me te hanga tohu.
Ka tiakina ki te kōnae whakaaturanga.","El modo show bloquea la edición de cues en vivo.
Off = Modo edición (predeterminado): edición completa.
On = Modo show: inspectores ocultos, shell y estructura bloqueados.
Se guarda con el show.","Show Mode locks cue editing for live performance.
Off = Edit Mode (default): full cue editing.
On = Show Mode: inspectors hidden, shell edits and cue structure locked.
Saved with the showfile.","Show Mode locks cue editing for live performance.
Off = Edit Mode (default): full cue editing.
On = Show Mode: inspectors hidden, shell edits and cue structure locked.
Saved with the showfile.","Show Mode locks cue editing for live performance.
Off = Edit Mode (default): full cue editing.
On = Show Mode: inspectors hidden, shell edits and cue structure locked.
Saved with the showfile.","Show Mode locks cue editing for live performance.
Off = Edit Mode (default): full cue editing.
On = Show Mode: inspectors hidden, shell edits and cue structure locked.
Saved with the showfile.","Show Mode locks cue editing for live performance.
Off = Edit Mode (default): full cue editing.
On = Show Mode: inspectors hidden, shell edits and cue structure locked.
Saved with the showfile."
Show units configuration.,Show units configuration.,Show units configuration.,Show units configuration.,Show units configuration.,Show units configuration.,Show units configuration.,Show units configuration.,Show units configuration.
Show waveforms on Timeline Inspector cue bars.,Show waveforms on Timeline Inspector cue bars.,Show waveforms on Timeline Inspector cue bars.,Show waveforms on Timeline Inspector cue bars.,Show waveforms on Timeline Inspector cue bars.,Show waveforms on Timeline Inspector cue bars.,Show waveforms on Timeline Inspector cue bars.,Show waveforms on Timeline Inspector cue bars.,Show waveforms on Timeline Inspector cue bars.
Show-scoped playback performance for standalone audio and video embedded audio. Routing lives under Audio Output Patch; new-cue defaults under Cue Defaults.,Show-scoped playback performance for standalone audio and video embedded audio. Routing lives under Audio Output Patch; new-cue defaults under Cue Defaults.,Show-scoped playback performance for standalone audio and video embedded audio. Routing lives under Audio Output Patch; new-cue defaults under Cue Defaults.,Show-scoped playback performance for standalone audio and video embedded audio. Routing lives under Audio Output Patch; new-cue defaults under Cue Defaults.,Show-scoped playback performance for standalone audio and video embedded audio. Routing lives under Audio Output Patch; new-cue defaults under Cue Defaults.,Show-scoped playback performance for standalone audio and video embedded audio. Routing lives under Audio Output Patch; new-cue defaults under Cue Defaults.,Show-scoped playback performance for standalone audio and video embedded audio. Routing lives under Audio Output Patch; new-cue defaults under Cue Defaults.,Show-scoped playback performance for standalone audio and video embedded audio. Routing lives under Audio Output Patch; new-cue defaults under Cue Defaults.,Show-scoped playback performance for standalone audio and video embedded audio. Routing lives under Audio Output Patch; new-cue defaults under Cue Defaults.
Showfile Version Differs,Showfile Version Differs,He rerekē te putanga kōnae whakaaturanga,La versión del showfile difiere,Showfile-Version weicht ab,Версия шоу-файла отличается,ショーファイルのバージョンが異なります,إصدار ملف العرض مختلف,शोफ़ाइल संस्करण भिन्न है
Showfile-independent preferences (stored per user),Showfile-independent preferences (stored per user),Showfile-independent preferences (stored per user),Showfile-independent preferences (stored per user),Showfile-independent preferences (stored per user),Showfile-independent preferences (stored per user),Showfile-independent preferences (stored per user),Showfile-independent preferences (stored per user),Showfile-independent preferences (stored per user)
Showfile:  {0},Showfile:  {0},Kōnae whakaaturanga:  {0},Showfile:  {0},Showfile:  {0},Шоу-файл:  {0},ショーファイル:  {0},ملف العرض:  {0},शोफ़ाइल:  {0}
Showfiles,Showfiles,Showfiles,Showfiles,Showfiles,Showfiles,Showfiles,Showfiles,Showfiles
Showing 0/0 Logs,Showing 0/0 Logs,Showing 0/0 Logs,Showing 0/0 Logs,Showing 0/0 Logs,Showing 0/0 Logs,Showing 0/0 Logs,Showing 0/0 Logs,Showing 0/0 Logs
Showing {0}/{1} Logs,Showing {0}/{1} Logs,E whakaatu ana {0}/{1} rātaka,Mostrando {0}/{1} registros,{0}/{1} Protokolle angezeigt,Показано {0}/{1} записей,{0}/{1} 件のログを表示,عرض {0}/{1} سجلات,{0}/{1} लॉग दिख रहे हैं
Silence floor after mix (dBFS). Samples quieter than this become digital silence. −120dB effectively disables the gate.,Silence floor after mix (dBFS). Samples quieter than this become digital silence. −120dB effectively disables the gate.,Silence floor after mix (dBFS). Samples quieter than this become digital silence. −120dB effectively disables the gate.,Silence floor after mix (dBFS). Samples quieter than this become digital silence. −120dB effectively disables the gate.,Silence floor after mix (dBFS). Samples quieter than this become digital silence. −120dB effectively disables the gate.,Silence floor after mix (dBFS). Samples quieter than this become digital silence. −120dB effectively disables the gate.,Silence floor after mix (dBFS). Samples quieter than this become digital silence. −120dB effectively disables the gate.,Silence floor after mix (dBFS). Samples quieter than this become digital silence. −120dB effectively disables the gate.,Silence floor after mix (dBFS). Samples quieter than this become digital silence. −120dB effectively disables the gate.
Silences all cue audio immediately without changing master volume. Runtime only — not saved with the showfile.,Silences all cue audio immediately without changing master volume. Runtime only — not saved with the showfile.,Silences all cue audio immediately without changing master volume. Runtime only — not saved with the showfile.,Silences all cue audio immediately without changing master volume. Runtime only — not saved with the showfile.,Silences all cue audio immediately without changing master volume. Runtime only — not saved with the showfile.,Silences all cue audio immediately without changing master volume. Runtime only — not saved with the showfile.,Silences all cue audio immediately without changing master volume. Runtime only — not saved with the showfile.,Silences all cue audio immediately without changing master volume. Runtime only — not saved with the showfile.,Silences all cue audio immediately without changing master volume. Runtime only — not saved with the showfile.
Size,Size,Rahi,Tamaño,Größe,Размер,サイズ,الحجم,आकार
Size X,Size X,Rahi X,Tamaño X,Größe X,Размер X,サイズ X,الحجم س,आकार X
Size Y,Size Y,Rahi Y,Tamaño Y,Größe Y,Размер Y,サイズ Y,الحجم ص,आकार Y
Size:,Size:,Rahi:,Tamaño:,Größe:,Размер:,サイズ:,الحجم:,आकार:
Skip if disarmed,Skip if disarmed,Tīpoka mēnā kāore i mau,Omitir si desarmado,Überspringen wenn unscharf,Пропускать если снято,ディスアーム時はスキップ,تجاوز إن نُزع التسليح,डिस्आर्म्ड हो तो छोड़ें
Skip if disarmed:,Skip if disarmed:,Tīpoka mēnā kāore i mau:,Omitir si desarmado:,Überspringen wenn unscharf:,Пропускать если снято:,ディスアーム時はスキップ:,تجاوز إن نُزع التسليح:,डिस्आर्म्ड हो तो छोड़ें:
Skip this version,Skip this version,Skip this version,Skip this version,Skip this version,Skip this version,Skip this version,Skip this version,Skip this version
Skip waits.,Skip waits.,Skip waits.,Skip waits.,Skip waits.,Skip waits.,Skip waits.,Skip waits.,Skip waits.
"Soft knobs over prefetch ring size, drop-lateness threshold, and max frames presented per tick. Saved with the showfile.","Soft knobs over prefetch ring size, drop-lateness threshold, and max frames presented per tick. Saved with the showfile.","Soft knobs over prefetch ring size, drop-lateness threshold, and max frames presented per tick. Saved with the showfile.","Soft knobs over prefetch ring size, drop-lateness threshold, and max frames presented per tick. Saved with the showfile.","Soft knobs over prefetch ring size, drop-lateness threshold, and max frames presented per tick. Saved with the showfile.","Soft knobs over prefetch ring size, drop-lateness threshold, and max frames presented per tick. Saved with the showfile.","Soft knobs over prefetch ring size, drop-lateness threshold, and max frames presented per tick. Saved with the showfile.","Soft knobs over prefetch ring size, drop-lateness threshold, and max frames presented per tick. Saved with the showfile.","Soft knobs over prefetch ring size, drop-lateness threshold, and max frames presented per tick. Saved with the showfile."
"Soft knobs over queue depth, refill threshold, and seek/GO prefetch. Prefer low latency reduces buffer delay; Prefer stability reduces underruns under multi-cue load.","Soft knobs over queue depth, refill threshold, and seek/GO prefetch. Prefer low latency reduces buffer delay; Prefer stability reduces underruns under multi-cue load.","Soft knobs over queue depth, refill threshold, and seek/GO prefetch. Prefer low latency reduces buffer delay; Prefer stability reduces underruns under multi-cue load.","Soft knobs over queue depth, refill threshold, and seek/GO prefetch. Prefer low latency reduces buffer delay; Prefer stability reduces underruns under multi-cue load.","Soft knobs over queue depth, refill threshold, and seek/GO prefetch. Prefer low latency reduces buffer delay; Prefer stability reduces underruns under multi-cue load.","Soft knobs over queue depth, refill threshold, and seek/GO prefetch. Prefer low latency reduces buffer delay; Prefer stability reduces underruns under multi-cue load.","Soft knobs over queue depth, refill threshold, and seek/GO prefetch. Prefer low latency reduces buffer delay; Prefer stability reduces underruns under multi-cue load.","Soft knobs over queue depth, refill threshold, and seek/GO prefetch. Prefer low latency reduces buffer delay; Prefer stability reduces underruns under multi-cue load.","Soft knobs over queue depth, refill threshold, and seek/GO prefetch. Prefer low latency reduces buffer delay; Prefer stability reduces underruns under multi-cue load."
Solid colour behind all layers on every output window. Saved with the showfile.,Solid colour behind all layers on every output window. Saved with the showfile.,Solid colour behind all layers on every output window. Saved with the showfile.,Solid colour behind all layers on every output window. Saved with the showfile.,Solid colour behind all layers on every output window. Saved with the showfile.,Solid colour behind all layers on every output window. Saved with the showfile.,Solid colour behind all layers on every output window. Saved with the showfile.,Solid colour behind all layers on every output window. Saved with the showfile.,Solid colour behind all layers on every output window. Saved with the showfile.
SSID,SSID,SSID,SSID,SSID,SSID,SSID,SSID,SSID
Standby,Standby,Tū rite,Preparado,Bereit,Готовность,スタンバイ,استعداد,स्टैंडबाय
Standby Cue,Standby Cue,Tohu tātari,Cue en espera,Bereitschafts-Cue,Реплика готовности,スタンバイキュー,إشارة الاستعداد,स्टैंडबाय क्यू
Standby in Pre-Wait:,Standby in Pre-Wait:,Standby in Pre-Wait:,Standby in Pre-Wait:,Standby in Pre-Wait:,Standby in Pre-Wait:,Standby in Pre-Wait:,Standby in Pre-Wait:,Standby in Pre-Wait:
Start a waiting cue immediately (skip continue/follow and pre-wait).,Start a waiting cue immediately (skip continue/follow and pre-wait).,Tīmata wawe i tētahi tohu e tatari ana (kapea te haere/whai me te tataritanga-mua).,Iniciar de inmediato una cue en espera (omite continuar/seguir y preespera).,Wartenden Cue sofort starten (Continue/Follow und Vorwartezeit überspringen).,Немедленно запустить ожидающую реплику (пропустить continue/follow и пред-паузу).,待機中のキューを即開始（コンティニュー/フォローとプリウェイトをスキップ）。,ابدأ إشارة منتظرة فوراً (تجاوز المتابعة/التتبع والانتظار المسبق).,प्रतीक्षारत क्यू तुरंत शुरू करें (कंटिन्यू/फ़ॉलो और प्री-वेट छोड़ें)।
Start Now,Start Now,Tīmata ināianei,Empezar ahora,Sofort starten,Начать сейчас,今すぐ開始,ابدأ الآن,अभी शुरू करें
Start time (drag),Start time (drag),Wā tīmata (tō),Hora de inicio (arrastrar),Startzeit (ziehen),Время начала (перетащите),開始時間（ドラッグ）,وقت البداية (اسحب),प्रारंभ समय (खींचें)
Start Time:,Start Time:,Wā tīmata:,Hora de inicio:,Startzeit:,Время начала:,開始時間:,وقت البداية:,प्रारंभ समय:
Startup,Startup,Tīmatanga,Inicio,Start,Запуск,起動,بدء التشغيل,स्टार्टअप
Status,Status,Status,Status,Status,Status,Status,Status,Status
Stereo pan (balance) before routing matrix. Stereo embedded audio only.,Stereo pan (balance) before routing matrix. Stereo embedded audio only.,Pan oro-rua (ōrite) i mua i te mātiti arataki. Oro tāmau oro-rua anake.,Paneo estéreo (balance) antes de la matriz. Solo audio incrustado estéreo.,Stereo-Panorama (Balance) vor der Routing-Matrix. Nur eingebettetes Stereo-Audio.,Стерео-панорама до матрицы маршрутизации. Только встроенное стерео.,ルーティングマトリクス前のステレオパン。埋め込みステレオ音声のみ。,التحريك الستيريو قبل مصفوفة التوجيه. صوت ستيريو مضمّن فقط.,राउटिंग मैट्रिक्स से पहले स्टीरियो पैन। केवल एम्बेडेड स्टीरियो ऑडियो।
Stereo pan (balance) before routing matrix. Stereo files only.,Stereo pan (balance) before routing matrix. Stereo files only.,Pan oro-rua (ōrite) i mua i te mātiti arataki. Kōnae oro-rua anake.,Paneo estéreo (balance) antes de la matriz. Solo archivos estéreo.,Stereo-Panorama (Balance) vor der Routing-Matrix. Nur Stereodateien.,Стерео-панорама до матрицы маршрутизации. Только стереофайлы.,ルーティングマトリクス前のステレオパン。ステレオファイルのみ。,التحريك الستيريو قبل مصفوفة التوجيه. ملفات ستيريو فقط.,राउटिंग मैट्रिक्स से पहले स्टीरियो पैन। केवल स्टीरियो फ़ाइलें।
Stereo pan/balance.,Stereo pan/balance.,Pan/ōrite oro-rua.,Paneo/balance estéreo.,Stereo-Panorama/Balance.,Стерео-панорама/баланс.,ステレオパン/バランス。,تحريك/توازن ستيريو.,स्टीरियो पैन/बैलेंस।
Stereo pan: L ← C → R,Stereo pan: L ← C → R,Pan oro-rua: L ← C → R,Paneo estéreo: L ← C → R,Stereo-Panorama: L ← C → R,Стерео-панорама: L ← C → R,ステレオパン: L ← C → R,تحريك ستيريو: L ← C → R,स्टीरियो पैन: L ← C → R
Stereo pan: L ← C → R. Applied before the routing matrix.,Stereo pan: L ← C → R. Applied before the routing matrix.,Pan oro-rua: L ← C → R. Ka whakamahia i mua i te mātiti arataki.,Paneo estéreo: L ← C → R. Se aplica antes de la matriz.,Stereo-Panorama: L ← C → R. Wird vor der Routing-Matrix angewendet.,Стерео-панорама: L ← C → R. Применяется до матрицы маршрутизации.,ステレオパン: L ← C → R。ルーティングマトリクスの前に適用。,تحريك ستيريو: L ← C → R. يُطبَّق قبل مصفوفة التوجيه.,स्टीरियो पैन: L ← C → R। राउटिंग मैट्रिक्स से पहले लागू।
Stop,Stop,Tū,Parar,Stopp,Стоп,停止,إيقاف,रोकें
Stop All,Stop All,Katia katoa,Detener todo,Alle stoppen,Остановить все,すべて停止,إيقاف الكل,सभी रोकें
"Stop all cues
(Single click to fade and stop, double click to hard stop.)","Stop all cues
(Single click to fade and stop, double click to hard stop.)","Stop all cues
(Single click to fade and stop, double click to hard stop.)","Stop all cues
(Single click to fade and stop, double click to hard stop.)","Stop all cues
(Single click to fade and stop, double click to hard stop.)","Stop all cues
(Single click to fade and stop, double click to hard stop.)","Stop all cues
(Single click to fade and stop, double click to hard stop.)","Stop all cues
(Single click to fade and stop, double click to hard stop.)","Stop all cues
(Single click to fade and stop, double click to hard stop.)"
Stop all playing cues before installing the update.,Stop all playing cues before installing the update.,Stop all playing cues before installing the update.,Stop all playing cues before installing the update.,Stop all playing cues before installing the update.,Stop all playing cues before installing the update.,Stop all playing cues before installing the update.,Stop all playing cues before installing the update.,Stop all playing cues before installing the update.
Stop by id.,Stop by id.,Stop by id.,Stop by id.,Stop by id.,Stop by id.,Stop by id.,Stop by id.,Stop by id.
Stop by name.,Stop by name.,Stop by name.,Stop by name.,Stop by name.,Stop by name.,Stop by name.,Stop by name.,Stop by name.
Stop by number.,Stop by number.,Stop by number.,Stop by number.,Stop by number.,Stop by number.,Stop by number.,Stop by number.,Stop by number.
Stop Fade Out,Stop Fade Out,Tū memeha-atu,Parar con fundido,Stopp-Ausblendung,Затухание при стопе,ストップ時フェードアウト,تدرج الخروج عند الإيقاف,स्टॉप फ़ेड आउट
Stop fade-out time. 0 = immediate. Default follows session Stop Fade.,Stop fade-out time. 0 = immediate. Default follows session Stop Fade.,Stop fade-out time. 0 = immediate. Default follows session Stop Fade.,Stop fade-out time. 0 = immediate. Default follows session Stop Fade.,Stop fade-out time. 0 = immediate. Default follows session Stop Fade.,Stop fade-out time. 0 = immediate. Default follows session Stop Fade.,Stop fade-out time. 0 = immediate. Default follows session Stop Fade.,Stop fade-out time. 0 = immediate. Default follows session Stop Fade.,Stop fade-out time. 0 = immediate. Default follows session Stop Fade.
Stop selected.,Stop selected.,Stop selected.,Stop selected.,Stop selected.,Stop selected.,Stop selected.,Stop selected.,Stop selected.
Stretch,Stretch,Whakaroa,Estirar,Strecken,Растяжение,ストレッチ,تمديد,स्ट्रेच
Stretch:,Stretch:,Whakaroa:,Estirar:,Strecken:,Растяжение:,ストレッチ:,تمديد:,स्ट्रेच:
Sub-master level for this patch. Applied after cue volume and before device outputs.,Sub-master level for this patch. Applied after cue volume and before device outputs.,Sub-master level for this patch. Applied after cue volume and before device outputs.,Sub-master level for this patch. Applied after cue volume and before device outputs.,Sub-master level for this patch. Applied after cue volume and before device outputs.,Sub-master level for this patch. Applied after cue volume and before device outputs.,Sub-master level for this patch. Applied after cue volume and before device outputs.,Sub-master level for this patch. Applied after cue volume and before device outputs.,Sub-master level for this patch. Applied after cue volume and before device outputs.
Submit Config,Submit Config,Submit Config,Submit Config,Submit Config,Submit Config,Submit Config,Submit Config,Submit Config
Subnet,Subnet,Kupenga-iti,Subred,Subnetz,Подсеть,サブネット,الشبكة الفرعية,सबनेट
Subtitle / closed-caption track to display.,Subtitle / closed-caption track to display.,Subtitle / closed-caption track to display.,Subtitle / closed-caption track to display.,Subtitle / closed-caption track to display.,Subtitle / closed-caption track to display.,Subtitle / closed-caption track to display.,Subtitle / closed-caption track to display.,Subtitle / closed-caption track to display.
System font family name (e.g. Arial). Empty = project/theme default.,System font family name (e.g. Arial). Empty = project/theme default.,System font family name (e.g. Arial). Empty = project/theme default.,System font family name (e.g. Arial). Empty = project/theme default.,System font family name (e.g. Arial). Empty = project/theme default.,System font family name (e.g. Arial). Empty = project/theme default.,System font family name (e.g. Arial). Empty = project/theme default.,System font family name (e.g. Arial). Empty = project/theme default.,System font family name (e.g. Arial). Empty = project/theme default.
System font family. Default uses the project theme font.,System font family. Default uses the project theme font.,Whānau momotuhi pūnaha. Ko te momotuhi kaupapa te taunoa.,Familia de fuente del sistema. El valor predeterminado usa la fuente del tema.,System-Schriftfamilie. Standard ist die Theme-Schrift des Projekts.,Системное семейство шрифтов. По умолчанию — шрифт темы проекта.,システムフォントファミリ。既定はプロジェクトのテーマフォント。,عائلة خط النظام. الافتراضي يستخدم خط سمة المشروع.,सिस्टम फ़ॉन्ट परिवार। डिफ़ॉल्ट प्रोजेक्ट थीम फ़ॉन्ट है।
Target Layer,Target Layer,Paparanga ūnga,Capa destino,Zielebene,Целевой слой,ターゲットレイヤー,الطبقة المستهدفة,लक्ष्य परत
Target layer,Target layer,Paparanga ūnga,Capa destino,Zielebene,Целевой слой,ターゲットレイヤー,الطبقة المستهدفة,लक्ष्य परत
target layer,target layer,paparanga ūnga,capa destino,Zielebene,целевой слой,ターゲットレイヤー,الطبقة المستهدفة,लक्ष्य परत
Target Layer:,Target Layer:,Paparanga ūnga:,Capa destino:,Zielebene:,Целевой слой:,ターゲットレイヤー:,الطبقة المستهدفة:,लक्ष्य परत:
TARGET LAYERS,TARGET LAYERS,PAPARANGA ŪNGA,CAPAS DESTINO,ZIELEBENEN,ЦЕЛЕВЫЕ СЛОИ,ターゲットレイヤー,الطبقات المستهدفة,लक्ष्य परतें
target monitor unavailable,target monitor unavailable,kāore te mata ūnga i te wātea,monitor destino no disponible,Zielmonitor nicht verfügbar,целевой монитор недоступен,対象モニターが利用できません,الشاشة المستهدفة غير متاحة,लक्ष्य मॉनिटर उपलब्ध नहीं
TCP,TCP,TCP,TCP,TCP,TCP,TCP,TCP,TCP
TCP listen port (can match UDP).,TCP listen port (can match UDP).,TCP listen port (can match UDP).,TCP listen port (can match UDP).,TCP listen port (can match UDP).,TCP listen port (can match UDP).,TCP listen port (can match UDP).,TCP listen port (can match UDP).,TCP listen port (can match UDP).
Test,Test,Whakamātau,Probar,Test,Тест,テスト,اختبار,परीक्षण
Test all Cue Lights:,Test all Cue Lights:,Test all Cue Lights:,Test all Cue Lights:,Test all Cue Lights:,Test all Cue Lights:,Test all Cue Lights:,Test all Cue Lights:,Test all Cue Lights:
Test Pattern,Test Pattern,Tauira whakamātau,Patrón de prueba,Testbild,Тестовая таблица,テストパターン,نمط اختبار,टेस्ट पैटर्न
Test Pattern:,Test Pattern:,Tauira whakamātau:,Patrón de prueba:,Testbild:,Тестовая таблица:,テストパターン:,نمط اختبار:,टेस्ट पैटर्न:
Test Send,Test Send,Tuku whakamātau,Envío de prueba,Test senden,Тестовая отправка,テスト送信,إرسال تجريبي,टेस्ट भेजें
Test send,Test send,Tuku whakamātau,Envío de prueba,Test senden,Тестовая отправка,テスト送信,إرسال تجريبي,टेस्ट भेजें
text,text,kupu,texto,Text,текст,テキスト,نص,पाठ
Text,Text,Kupu,Texto,Text,Текст,テキスト,نص,पाठ
Text Defaults,Text Defaults,Taunoa kuputuhi,Predeterminados de texto,Text-Standards,Текст по умолчанию,テキストの既定値,إعدادات النص الافتراضية,टेक्स्ट डिफ़ॉल्ट
Text Overlay,Text Overlay,Paparunga kupu,Superposición de texto,Text-Overlay,Текстовый оверлей,テキストオーバーレイ,تراكب النص,टेक्स्ट ओवरले
Text overlay content and typography.,Text overlay content and typography.,Ihirangi paparunga kupu me te momotuhi.,Contenido y tipografía de la superposición de texto.,Text-Overlay-Inhalt und Typografie.,Содержимое и типографика текстового оверлея.,テキストオーバーレイの内容とタイポグラフィ。,محتوى تراكب النص والخطوط.,टेक्स्ट ओवरले सामग्री और टाइपोग्राफी।
"The file format matches, but the app version differs. ","The file format matches, but the app version differs. ","The file format matches, but the app version differs. ","The file format matches, but the app version differs. ","The file format matches, but the app version differs. ","The file format matches, but the app version differs. ","The file format matches, but the app version differs. ","The file format matches, but the app version differs. ","The file format matches, but the app version differs. "
The number of times the audio loops then stops.,The number of times the audio loops then stops.,"Te maha o ngā koromeke oro, kātahi ka tū.",Cuántas veces se repite el audio y luego se detiene.,"Wie oft das Audio wiederholt wird, bevor es stoppt.","Сколько раз аудио зацикливается, затем останавливается.",音声が停止するまでのループ回数。,عدد مرات تكرار الصوت ثم يتوقف.,ऑडियो कितनी बार लूप होकर रुकता है।
The output from your cue arrives. Routing this will send your  audio output to the device you connect it to.,The output from your cue arrives. Routing this will send your  audio output to the device you connect it to.,The output from your cue arrives. Routing this will send your  audio output to the device you connect it to.,The output from your cue arrives. Routing this will send your  audio output to the device you connect it to.,The output from your cue arrives. Routing this will send your  audio output to the device you connect it to.,The output from your cue arrives. Routing this will send your  audio output to the device you connect it to.,The output from your cue arrives. Routing this will send your  audio output to the device you connect it to.,The output from your cue arrives. Routing this will send your  audio output to the device you connect it to.,The output from your cue arrives. Routing this will send your  audio output to the device you connect it to.
The showfile format is newer than this version of Cue2 understands. ,The showfile format is newer than this version of Cue2 understands. ,The showfile format is newer than this version of Cue2 understands. ,The showfile format is newer than this version of Cue2 understands. ,The showfile format is newer than this version of Cue2 understands. ,The showfile format is newer than this version of Cue2 understands. ,The showfile format is newer than this version of Cue2 understands. ,The showfile format is newer than this version of Cue2 understands. ,The showfile format is newer than this version of Cue2 understands. 
The showfile format is older than this version of Cue2. ,The showfile format is older than this version of Cue2. ,The showfile format is older than this version of Cue2. ,The showfile format is older than this version of Cue2. ,The showfile format is older than this version of Cue2. ,The showfile format is older than this version of Cue2. ,The showfile format is older than this version of Cue2. ,The showfile format is older than this version of Cue2. ,The showfile format is older than this version of Cue2. 
The Void,The Void,Te Kore,El vacío,Die Leere,Пустота,虚無,الفراغ,शून्य
Theme default,Theme default,Taunoa kaupapa,Predeterminado del tema,Theme-Standard,По умолчанию темы,テーマ既定,افتراضي السمة,थीम डिफ़ॉल्ट
This app:  {0},This app:  {0},Tēnei taupānga:  {0},Esta app:  {0},Diese App:  {0},Это приложение:  {0},このアプリ:  {0},هذا التطبيق:  {0},यह ऐप:  {0}
This build opens .c2 showfiles.,This build opens .c2 showfiles.,This build opens .c2 showfiles.,This build opens .c2 showfiles.,This build opens .c2 showfiles.,This build opens .c2 showfiles.,This build opens .c2 showfiles.,This build opens .c2 showfiles.,This build opens .c2 showfiles.
This file has no version metadata (created before version tracking). ,This file has no version metadata (created before version tracking). ,This file has no version metadata (created before version tracking). ,This file has no version metadata (created before version tracking). ,This file has no version metadata (created before version tracking). ,This file has no version metadata (created before version tracking). ,This file has no version metadata (created before version tracking). ,This file has no version metadata (created before version tracking). ,This file has no version metadata (created before version tracking). 
This resource is used by cues.,This resource is used by cues.,This resource is used by cues.,This resource is used by cues.,This resource is used by cues.,This resource is used by cues.,This resource is used by cues.,This resource is used by cues.,This resource is used by cues.
This showfile was saved with a different version of Cue2.,This showfile was saved with a different version of Cue2.,This showfile was saved with a different version of Cue2.,This showfile was saved with a different version of Cue2.,This showfile was saved with a different version of Cue2.,This showfile was saved with a different version of Cue2.,This showfile was saved with a different version of Cue2.,This showfile was saved with a different version of Cue2.,This showfile was saved with a different version of Cue2.
This version,This version,This version,This version,This version,This version,This version,This version,This version
Time,Time,Wā,Tiempo,Zeit,Время,時間,الوقت,समय
Time Remaining,Time Remaining,Wā toe,Tiempo restante,Verbleibende Zeit,Осталось,残り時間,الوقت المتبقي,शेष समय
Time:,Time:,Wā:,Tiempo:,Zeit:,Время:,時間:,الوقت:,समय:
Timeline,Timeline,Rārangi-wā,Línea de tiempo,Zeitleiste,Таймлайн,タイムライン,الخط الزمني,टाइमलाइन
Timeline waveforms,Timeline waveforms,Ngaru rārangi-wā,Formas de onda de la línea de tiempo,Timeline-Wellenformen,Осциллограммы таймлайна,タイムライン波形,أشكال موجة الخط الزمني,टाइमलाइन तरंगें
Timing & appearance,Timing & appearance,Wātaka me te āhua,Tiempo y apariencia,Timing & Erscheinung,Тайминг и вид,タイミングと外観,التوقيت والمظهر,समय और दिखावट
Toggle arm.,Toggle arm.,Toggle arm.,Toggle arm.,Toggle arm.,Toggle arm.,Toggle arm.,Toggle arm.,Toggle arm.
Toggle pause selected.,Toggle pause selected.,Toggle pause selected.,Toggle pause selected.,Toggle pause selected.,Toggle pause selected.,Toggle pause selected.,Toggle pause selected.,Toggle pause selected.
Total (with waits): {0},Total (with waits): {0},Tapeke (me ngā tatari): {0},Total (con esperas): {0},Gesamt (mit Wartezeiten): {0},Всего (с паузами): {0},合計（ウェイト含む）: {0},الإجمالي (مع الانتظار): {0},कुल (प्रतीक्षा सहित): {0}
Total cues in the show,Total cues in the show,Total cues in the show,Total cues in the show,Total cues in the show,Total cues in the show,Total cues in the show,Total cues in the show,Total cues in the show
Track list,Track list,Rārangi riu,Lista de pistas,Spurliste,Список дорожек,トラックリスト,قائمة المسارات,ट्रैक सूची
Translate Layer,Translate Layer,Neke paparanga,Trasladar capa,Ebene verschieben,Сдвиг слоя,レイヤー移動,تحريك الطبقة,परत स्थानांतरित करें
Transparency may not work if defined size is the same as output display resolution. ,Transparency may not work if defined size is the same as output display resolution. ,Transparency may not work if defined size is the same as output display resolution. ,Transparency may not work if defined size is the same as output display resolution. ,Transparency may not work if defined size is the same as output display resolution. ,Transparency may not work if defined size is the same as output display resolution. ,Transparency may not work if defined size is the same as output display resolution. ,Transparency may not work if defined size is the same as output display resolution. ,Transparency may not work if defined size is the same as output display resolution. 
Transparency may not work if defined size matches the display resolution.,Transparency may not work if defined size matches the display resolution.,Transparency may not work if defined size matches the display resolution.,Transparency may not work if defined size matches the display resolution.,Transparency may not work if defined size matches the display resolution.,Transparency may not work if defined size matches the display resolution.,Transparency may not work if defined size matches the display resolution.,Transparency may not work if defined size matches the display resolution.,Transparency may not work if defined size matches the display resolution.
Transparent,Transparent,Pūataata-kore,Transparente,Transparent,Прозрачный,透明,شفاف,पारदर्शी
Transparent:,Transparent:,Transparent:,Transparent:,Transparent:,Transparent:,Transparent:,Transparent:,Transparent:
Triggers,Triggers,Pūtahi,Disparadores,Auslöser,Триггеры,トリガー,المحفّزات,ट्रिगर
Type an OSC address path for this action (e.g. /Go). Leave empty for no OSC binding. Enter or focus out to apply.,Type an OSC address path for this action (e.g. /Go). Leave empty for no OSC binding. Enter or focus out to apply.,Type an OSC address path for this action (e.g. /Go). Leave empty for no OSC binding. Enter or focus out to apply.,Type an OSC address path for this action (e.g. /Go). Leave empty for no OSC binding. Enter or focus out to apply.,Type an OSC address path for this action (e.g. /Go). Leave empty for no OSC binding. Enter or focus out to apply.,Type an OSC address path for this action (e.g. /Go). Leave empty for no OSC binding. Enter or focus out to apply.,Type an OSC address path for this action (e.g. /Go). Leave empty for no OSC binding. Enter or focus out to apply.,Type an OSC address path for this action (e.g. /Go). Leave empty for no OSC binding. Enter or focus out to apply.,Type an OSC address path for this action (e.g. /Go). Leave empty for no OSC binding. Enter or focus out to apply.
"Type an OSC path per action (e.g. /Go). Empty = none. If OSC session name is set, remotes must send /{SessionName}/Go (prefix is stripped before matching).","Type an OSC path per action (e.g. /Go). Empty = none. If OSC session name is set, remotes must send /{SessionName}/Go (prefix is stripped before matching).","Type an OSC path per action (e.g. /Go). Empty = none. If OSC session name is set, remotes must send /{SessionName}/Go (prefix is stripped before matching).","Type an OSC path per action (e.g. /Go). Empty = none. If OSC session name is set, remotes must send /{SessionName}/Go (prefix is stripped before matching).","Type an OSC path per action (e.g. /Go). Empty = none. If OSC session name is set, remotes must send /{SessionName}/Go (prefix is stripped before matching).","Type an OSC path per action (e.g. /Go). Empty = none. If OSC session name is set, remotes must send /{SessionName}/Go (prefix is stripped before matching).","Type an OSC path per action (e.g. /Go). Empty = none. If OSC session name is set, remotes must send /{SessionName}/Go (prefix is stripped before matching).","Type an OSC path per action (e.g. /Go). Empty = none. If OSC session name is set, remotes must send /{SessionName}/Go (prefix is stripped before matching).","Type an OSC path per action (e.g. /Go). Empty = none. If OSC session name is set, remotes must send /{SessionName}/Go (prefix is stripped before matching)."
Type: Still Image,Type: Still Image,Momo: Atahanga tū,Tipo: imagen fija,Typ: Standbild,Тип: статичное изображение,種類: 静止画,النوع: صورة ثابتة,प्रकार: स्थिर छवि
Typography,Typography,Momotuhi,Tipografía,Typografie,Типографика,タイポグラフィ,الخطوط,टाइपोग्राफी
UDP (datagram) or TCP (binary framed OSC).,UDP (datagram) or TCP (binary framed OSC).,UDP (datagram) or TCP (binary framed OSC).,UDP (datagram) or TCP (binary framed OSC).,UDP (datagram) or TCP (binary framed OSC).,UDP (datagram) or TCP (binary framed OSC).,UDP (datagram) or TCP (binary framed OSC).,UDP (datagram) or TCP (binary framed OSC).,UDP (datagram) or TCP (binary framed OSC).
UDP (no persistent connection),UDP (no persistent connection),UDP (kāore he hononga pūmau),UDP (sin conexión persistente),UDP (keine dauerhafte Verbindung),UDP (нет постоянного соединения),UDP（持続接続なし）,UDP (لا يوجد اتصال دائم),UDP (कोई स्थायी कनेक्शन नहीं)
UDP port,UDP port,UDP port,UDP port,UDP port,UDP port,UDP port,UDP port,UDP port
UDP port to receive OSC (1–65535).,UDP port to receive OSC (1–65535).,UDP port to receive OSC (1–65535).,UDP port to receive OSC (1–65535).,UDP port to receive OSC (1–65535).,UDP port to receive OSC (1–65535).,UDP port to receive OSC (1–65535).,UDP port to receive OSC (1–65535).,UDP port to receive OSC (1–65535).
UDP receive port and live receive monitor,UDP receive port and live receive monitor,UDP receive port and live receive monitor,UDP receive port and live receive monitor,UDP receive port and live receive monitor,UDP receive port and live receive monitor,UDP receive port and live receive monitor,UDP receive port and live receive monitor,UDP receive port and live receive monitor
UI Scaling,UI Scaling,Whakatauira UI,Escala de UI,UI-Skalierung,Масштаб интерфейса,UI 倍率,مقياس الواجهة,UI स्केलिंग
Unassign (set to No Output),Unassign (set to No Output),Wete tautapa (Kāore he putanga),Desasignar (Sin salida),Zuordnung aufheben (Keine Ausgabe),Снять назначение (нет выхода),割り当て解除（出力なし）,إلغاء التعيين (لا مخرج),असाइन हटाएँ (कोई आउटपुट नहीं)
Unbound,Unbound,Kāore i herea,Sin asignar,Nicht gebunden,Не назначено,未割り当て,غير مرتبط,अनबाउंड
Undo,Undo,Wetekina,Deshacer,Rückgängig,Отменить,元に戻す,تراجع,पूर्ववत
Undo Depth,Undo Depth,Hōhonu wetekina,Profundidad de deshacer,Rückgängig-Tiefe,Глубина отмены,アンドゥの深さ,عمق التراجع,अनडू गहराई
Until stopped,Until stopped,Kia tū rā anō,Hasta detener,Bis gestoppt,Пока не остановят,停止するまで,حتى الإيقاف,रुकने तक
Until Stopped,Until Stopped,Kia tū rā anō,Hasta detener,Bis gestoppt,Пока не остановят,停止するまで,حتى الإيقاف,रुकने तक
Update checks run in exported builds only.,Update checks run in exported builds only.,Update checks run in exported builds only.,Update checks run in exported builds only.,Update checks run in exported builds only.,Update checks run in exported builds only.,Update checks run in exported builds only.,Update checks run in exported builds only.,Update checks run in exported builds only.
Updates,Updates,Updates,Updates,Updates,Updates,Updates,Updates,Updates
URL (Can drag and drop files here),URL (Can drag and drop files here),URL (Can drag and drop files here),URL (Can drag and drop files here),URL (Can drag and drop files here),URL (Can drag and drop files here),URL (Can drag and drop files here),URL (Can drag and drop files here),URL (Can drag and drop files here)
Use Audio,Use Audio,Whakamahi oro,Usar audio,Audio verwenden,Использовать аудио,音声を使う,استخدام الصوت,ऑडियो उपयोग करें
Use audio,Use audio,Whakamahi oro,Usar audio,Audio verwenden,Использовать аудио,音声を使う,استخدام الصوت,ऑडियो उपयोग करें
Use BBCode,Use BBCode,Whakamahi BBCode,Usar BBCode,BBCode verwenden,Использовать BBCode,BBCode を使う,استخدام BBCode,BBCode उपयोग करें
Use Embedded Audio,Use Embedded Audio,Whakamahi oro tāmau,Usar audio incrustado,Eingebettetes Audio verwenden,Использовать встроенное аудио,埋め込み音声を使う,استخدام الصوت المضمّن,एम्बेडेड ऑडियो उपयोग करें
Use:,Use:,Whakamahi:,Usar:,Verwenden:,Использовать:,使用:,استخدام:,उपयोग:
V alignment,V alignment,Tīaroaro poutū,Alineación V,V-Ausrichtung,Верт. выравнивание,縦位置,المحاذاة الرأسية,ऊर्ध्वाधर संरेखण
Val,Val,Val,Val,Val,Val,Val,Val,Val
Velocity or CC value (0–127). Only used when Val is checked.,Velocity or CC value (0–127). Only used when Val is checked.,"Uara tere, CC rānei (0–127). Ka whakamahia anake ina tohua te Val.",Velocidad o valor CC (0–127). Solo si Val está marcado.,Velocity- oder CC-Wert (0–127). Nur wenn Val aktiviert ist.,Значение velocity или CC (0–127). Только если включён Val.,ベロシティまたは CC 値（0–127）。Val がオンのときのみ。,قيمة السرعة أو CC (0–127). تُستخدم فقط عند تحديد Val.,वेलोसिटी या CC मान (0–127)। केवल जब Val चेक हो।
Version details differ; proceed with care.,Version details differ; proceed with care.,He rerekē ngā taipitopito putanga; haere tūpato.,Los detalles de versión difieren; procede con cuidado.,Versionsdetails weichen ab; vorsichtig fortfahren.,Сведения о версии отличаются; продолжайте осторожно.,バージョン詳細が異なります。注意して進めてください。,تفاصيل الإصدار مختلفة؛ تابع بحذر.,संस्करण विवरण भिन्न हैं; सावधानी से आगे बढ़ें।
Vertical offset of the output window from the target display origin (pixels).,Vertical offset of the output window from the target display origin (pixels).,Vertical offset of the output window from the target display origin (pixels).,Vertical offset of the output window from the target display origin (pixels).,Vertical offset of the output window from the target display origin (pixels).,Vertical offset of the output window from the target display origin (pixels).,Vertical offset of the output window from the target display origin (pixels).,Vertical offset of the output window from the target display origin (pixels).,Vertical offset of the output window from the target display origin (pixels).
video,video,ataata,vídeo,Video,видео,ビデオ,فيديو,वीडियो
Video / Image,Video / Image,Ataata / Atahanga,Vídeo / imagen,Video / Bild,Видео / изображение,ビデオ / 画像,فيديو / صورة,वीडियो / छवि
Video Defaults,Video Defaults,Taunoa ataata,Predeterminados de vídeo,Video-Standards,Видео по умолчанию,ビデオの既定値,إعدادات الفيديو الافتراضية,वीडियो डिफ़ॉल्ट
Video opacity (0–100%).,Video opacity (0–100%).,Pūataata ataata (0–100%).,Opacidad de vídeo (0–100%).,Videodeckkraft (0–100%).,Непрозрачность видео (0–100%).,映像の不透明度（0–100%）。,عتامة الفيديو (0–100٪).,वीडियो अपारदर्शिता (0–100%)।
Video opacity.,Video opacity.,Video opacity.,Video opacity.,Video opacity.,Video opacity.,Video opacity.,Video opacity.,Video opacity.
Video Outputs:,Video Outputs:,Ngā putanga ataata:,Salidas de vídeo:,Videoausgaben:,Видеовыходы:,ビデオ出力:,مخرجات الفيديو:,वीडियो आउटपुट:
Video/Image,Video/Image,Ataata/Atahanga,Vídeo/Imagen,Video/Bild,Видео/изображение,ビデオ/画像,فيديو/صورة,वीडियो/छवि
View,View,Tiro,Ver,Ansicht,Вид,表示,عرض,दृश्य
View License Online,View License Online,Tiro raihana ipurangi,Ver licencia en línea,Lizenz online ansehen,Лицензия в интернете,ライセンスをオンラインで見る,عرض الرخصة عبر الإنترنت,लाइसेंस ऑनलाइन देखें
Virtual Output,Virtual Output,Putanga mariko,Salida virtual,Virtuelle Ausgabe,Виртуальный выход,仮想出力,مخرج افتراضي,वर्चुअल आउटपुट
Virtual Output — not shown on a physical display,Virtual Output — not shown on a physical display,Putanga mariko — kāore e whakaaturia ki tētahi mata tinana,Salida virtual — no se muestra en una pantalla física,Virtuelle Ausgabe — nicht auf einem physischen Bildschirm,Виртуальный выход — не показан на физическом дисплее,仮想出力 — 物理ディスプレイには表示されません,مخرج افتراضي — لا يظهر على شاشة فعلية,वर्चुअल आउटपुट — भौतिक डिस्प्ले पर नहीं दिखता
Visual,Visual,Ataata,Visual,Bild,Визуал,ビジュアル,مرئي,विज़ुअल
Volume,Volume,Kahaoro,Volumen,Lautstärke,Громкость,音量,مستوى الصوت,वॉल्यूम
Volume:,Volume:,Kahaoro:,Volumen:,Lautstärke:,Громкость:,音量:,مستوى الصوت:,वॉल्यूम:
Waiting…,Waiting…,E tatari ana…,Esperando…,Warten…,Ожидание…,待機中…,جارٍ الانتظار…,प्रतीक्षा…
"Wall-clock time of day (local). Examples: 14:30, 14:30:00, 2:30 PM. Leave empty for none.","Wall-clock time of day (local). Examples: 14:30, 14:30:00, 2:30 PM. Leave empty for none.","Wā karaka (paetata). Hei tauira: 14:30, 14:30:00, 2:30 PM. Waiho kau mō te kore.","Hora del día (local). Ejemplos: 14:30, 14:30:00, 2:30 p. m. Vacío = ninguna.","Uhrzeit (lokal). Beispiele: 14:30, 14:30:00, 2:30 PM. Leer = keine.","Время суток (местное). Примеры: 14:30, 14:30:00, 2:30 PM. Пусто = нет.",時刻（ローカル）。例: 14:30、14:30:00、2:30 PM。空 = なし。,وقت اليوم (محلي). أمثلة: 14:30، 14:30:00، 2:30 م. اتركه فارغاً للعدم.,"दिन का समय (स्थानीय)। उदाहरण: 14:30, 14:30:00, 2:30 PM। खाली = कोई नहीं।"
Want to contribue? Visit our Github,Want to contribue? Visit our Github,Kei te hiahia tāpae? Torohia tā mātou Github,¿Quieres contribuir? Visita nuestro GitHub,Want to contribue? Visit our Github,Want to contribue? Visit our Github,Want to contribue? Visit our Github,Want to contribue? Visit our Github,Want to contribue? Visit our Github
Waveform,Waveform,Ngaru,Forma de onda,Wellenform,Осциллограмма,波形,شكل الموجة,तरंग
Website — cue2.live,Website — cue2.live,Paetukutuku — cue2.live,Sitio web — cue2.live,Website — cue2.live,Сайт — cue2.live,ウェブサイト — cue2.live,الموقع — cue2.live,वेबसाइट — cue2.live
Website…,Website…,Paetukutuku…,Sitio web…,Website…,Сайт…,ウェブサイト…,الموقع…,वेबसाइट…
Welcome,Welcome,Nau mai,Bienvenido,Willkommen,Добро пожаловать,ようこそ,مرحباً,स्वागत है
Welcome to Cue2,Welcome to Cue2,Nau mai ki Cue2,Bienvenido a Cue2,Willkommen bei Cue2,Добро пожаловать в Cue2,Cue2 へようこそ,مرحباً بك في Cue2,Cue2 में आपका स्वागत है
"Welcome to the Cue2 v0.1 Pre-Release StripyHat build!

Your feedback ahead of public launch would be appreciated. Please email feedback to
info@cue2.live
This could include feature requests, issues or bugs you may find while testing this software.
Remember - this software is considered to be in development, it is recommend for private use only.

Explore the docs and website below for how to get started.","Welcome to the Cue2 v0.1 Pre-Release StripyHat build!

Your feedback ahead of public launch would be appreciated. Please email feedback to
info@cue2.live
This could include feature requests, issues or bugs you may find while testing this software.
Remember - this software is considered to be in development, it is recommend for private use only.

Explore the docs and website below for how to get started.","Nau mai ki te putanga Cue2 v0.1 Pre-Release StripyHat!

He pai te whiwhi urupare i mua i te whakarewatanga tūmatanui. Tēnā koa īmēra ō urupare ki
info@cue2.live
Ka taea te whakauru tono āhuatanga, raruraru, ngā hapa rānei ka kitea i a koe e whakamātau ana.
Kia mahara - e whakawhanakehia ana tēnei pūmanawa; e tūtohungia ana mō te whakamahi tūmataiti anake.

Tirohia ngā tuhinga me te paetukutuku i raro nei hei tīmatanga.","¡Bienvenido a Cue2 v0.1 Pre-Release (StripyHat)!

Agradecemos tus comentarios antes del lanzamiento público. Envíalos por correo a
info@cue2.live
Pueden incluir solicitudes de funciones, problemas o errores que encuentres al probar el software.
Recuerda: este software está en desarrollo; se recomienda solo para uso privado.

Consulta la documentación y el sitio web abajo para empezar.","Willkommen beim Cue2 v0.1 Pre-Release StripyHat-Build!

Ihr Feedback vor der öffentlichen Veröffentlichung ist willkommen. Bitte senden Sie Rückmeldungen an
info@cue2.live
Dazu gehören Funktionswünsche, Probleme oder Fehler, die Sie beim Testen finden.
Hinweis: Diese Software ist in Entwicklung und nur für den privaten Gebrauch empfohlen.

Dokumentation und Website unten helfen beim Einstieg.","Добро пожаловать в предварительную сборку Cue2 v0.1 StripyHat!

Будем рады отзывам до публичного запуска. Пишите на
info@cue2.live
Можно присылать идеи, проблемы и найденные ошибки.
ПО ещё в разработке и рекомендуется только для частного использования.

Документация и сайт ниже помогут начать.","Cue2 v0.1 プレリリース StripyHat ビルドへようこそ！

一般公開前のご意見をお待ちしています。フィードバックは
info@cue2.live
まで。機能要望、不具合、バグなど何でもどうぞ。
本ソフトウェアは開発中であり、私的利用のみを推奨します。

使い方は下のドキュメントとサイトをご覧ください。","مرحباً بك في إصدار Cue2 v0.1 التجريبي StripyHat!

نقدّر ملاحظاتك قبل الإطلاق العام. راسلنا على
info@cue2.live
بما في ذلك طلبات الميزات والمشكلات والأخطاء التي تجدها أثناء الاختبار.
هذا البرنامج قيد التطوير ويُنصح به للاستخدام الخاص فقط.

راجع الوثائق والموقع أدناه للبدء.","Cue2 v0.1 प्री-रिलीज़ StripyHat बिल्ड में आपका स्वागत है!

सार्वजनिक लॉन्च से पहले आपकी प्रतिक्रिया का स्वागत है। ईमेल करें
info@cue2.live
फीचर अनुरोध, समस्याएँ या बग शामिल हो सकते हैं।
यह सॉफ़्टवेयर विकास में है और केवल निजी उपयोग के लिए अनुशंसित है।

शुरू करने के लिए नीचे दस्तावेज़ और वेबसाइट देखें।"
What to do on launch if no file is specified via command line,What to do on launch if no file is specified via command line,What to do on launch if no file is specified via command line,What to do on launch if no file is specified via command line,What to do on launch if no file is specified via command line,What to do on launch if no file is specified via command line,What to do on launch if no file is specified via command line,What to do on launch if no file is specified via command line,What to do on launch if no file is specified via command line
"When armed is off and this is on, GO on a prior cue bypasses this cue and selects the next eligible cue instead of standing on it.","When armed is off and this is on, GO on a prior cue bypasses this cue and selects the next eligible cue instead of standing on it.","Ina weto te mau pū, hohe tēnei, ka kape te HAERE o tētahi tohu o mua i tēnei tohu, ā, ka tīpako i te tohu e tika ana, tē tū ai ki konei.","Si Armado está off y esto on, un GO de una cue anterior salta esta y selecciona la siguiente apta en vez de quedarse aquí.","Wenn unscharf und dies an ist, überspringt GO eines vorherigen Cues diesen Cue und wählt den nächsten berechtigten statt darauf stehen zu bleiben.","Если снято и это включено, GO предыдущей реплики обходит эту и выбирает следующую подходящую, не останавливаясь.",ディスアームかつこれがオンのとき、前のキューの GO はこのキューを飛ばし、次の対象を選びます。,عندما يكون التسليح متوقفاً وهذا مفعّلاً، يتجاوز GO من إشارة سابقة هذه ويختار التالية المؤهلة بدلاً من التوقف عليها.,आर्म्ड बंद और यह ऑन हो तो पिछले क्यू का GO इस क्यू को छोड़कर अगला योग्य चुनता है।
"When armed is off and this is on, GO on a prior cue bypasses this cue.","When armed is off and this is on, GO on a prior cue bypasses this cue.","When armed is off and this is on, GO on a prior cue bypasses this cue.","When armed is off and this is on, GO on a prior cue bypasses this cue.","When armed is off and this is on, GO on a prior cue bypasses this cue.","When armed is off and this is on, GO on a prior cue bypasses this cue.","When armed is off and this is on, GO on a prior cue bypasses this cue.","When armed is off and this is on, GO on a prior cue bypasses this cue.","When armed is off and this is on, GO on a prior cue bypasses this cue."
"When checked and a key is bound, pressing the hotkey triggers this cue (GO).","When checked and a key is bound, pressing the hotkey triggers this cue (GO).","Ina tohua, herea hoki tētahi pātuhi, ka pūtake tēnei tohu (HAERE) i te pātuhi-wera.","Si está marcado y hay una tecla, el atajo dispara esta cue (GO).","Wenn aktiv und eine Taste gebunden ist, löst das Tastenkürzel diesen Cue aus (GO).","Если включено и клавиша назначена, горячая клавиша запускает эту реплику (GO).",オンでキーが割り当てられていると、ホットキーでこのキューが GO します。,عند التحديد وربط مفتاح، يؤدي الاختصار إلى تشغيل هذه الإشارة (GO).,चेक हो और कुंजी बंधी हो तो हॉटकी इस क्यू को GO करती है।
"When checked and a MIDI pattern is set, matching MIDI input GO's this cue.","When checked and a MIDI pattern is set, matching MIDI input GO's this cue.","Ina tohua, tautuhia hoki tētahi tauira MIDI, ka HAERE tēnei tohu i te tāuru MIDI ōrite.","Si está marcado y hay un patrón MIDI, la entrada MIDI coincidente hace GO de esta cue.","Wenn aktiv und ein MIDI-Muster gesetzt ist, GO’t passende MIDI-Eingabe diesen Cue.","Если включено и задан MIDI-шаблон, совпадающий MIDI-вход запускает эту реплику.",オンで MIDI パターンが設定されていると、一致する MIDI 入力でこのキューが GO。,عند التحديد وتعيين نمط MIDI، يشغّل إدخال MIDI المطابق هذه الإشارة.,चेक हो और MIDI पैटर्न सेट हो तो मेल खाता MIDI इनपुट इस क्यू को GO करता है।
"When checked and a path is set, matching received OSC GO's this cue.","When checked and a path is set, matching received OSC GO's this cue.","Ina tohua, tautuhia hoki tētahi ara, ka HAERE tēnei tohu i te OSC ōrite.","Si está marcado y hay una ruta, el OSC recibido coincidente hace GO de esta cue.","Wenn aktiv und ein Pfad gesetzt ist, GO’t passende empfangene OSC diesen Cue.","Если включено и задан путь, совпадающий принятый OSC запускает эту реплику.",オンでパスが設定されていると、一致する受信 OSC でこのキューが GO。,عند التحديد وتعيين مسار، يشغّل OSC المستلم المطابق هذه الإشارة.,चेक हो और पथ सेट हो तो मेल खाता OSC इस क्यू को GO करता है।
"When checked and a time is set, this cue GO's when local real-world time reaches that time of day on selected weekdays.","When checked and a time is set, this cue GO's when local real-world time reaches that time of day on selected weekdays.","Ina tohua, tautuhia hoki tētahi wā, ka HAERE tēnei tohu ina tae te wā paetata ki tērā wā o te rā i ngā rā kua tīpakohia.","Si está marcado y hay una hora, esta cue hace GO cuando la hora local llega a esa hora en los días elegidos.","Wenn aktiv und eine Zeit gesetzt ist, GO’t dieser Cue, wenn die lokale Uhrzeit an ausgewählten Wochentagen erreicht wird.","Если включено и задано время, реплика запускается, когда местное время достигает этого часа в выбранные дни.",オンで時刻が設定されていると、選択した曜日のその時刻にこのキューが GO。,عند التحديد وتعيين وقت، تُشغَّل هذه الإشارة عندما يبلغ الوقت المحلي ذلك الوقت في الأيام المحددة.,चेक हो और समय सेट हो तो चयनित सप्ताह के दिनों में उस स्थानीय समय पर यह क्यू GO होता है।
"When checked, incoming MIDI messages are printed in the log below.","When checked, incoming MIDI messages are printed in the log below.","When checked, incoming MIDI messages are printed in the log below.","When checked, incoming MIDI messages are printed in the log below.","When checked, incoming MIDI messages are printed in the log below.","When checked, incoming MIDI messages are printed in the log below.","When checked, incoming MIDI messages are printed in the log below.","When checked, incoming MIDI messages are printed in the log below.","When checked, incoming MIDI messages are printed in the log below."
"When checked, incoming OSC messages are printed in the log below.","When checked, incoming OSC messages are printed in the log below.","When checked, incoming OSC messages are printed in the log below.","When checked, incoming OSC messages are printed in the log below.","When checked, incoming OSC messages are printed in the log below.","When checked, incoming OSC messages are printed in the log below.","When checked, incoming OSC messages are printed in the log below.","When checked, incoming OSC messages are printed in the log below.","When checked, incoming OSC messages are printed in the log below."
"When checked, outgoing OSC messages are printed in the log below.","When checked, outgoing OSC messages are printed in the log below.","When checked, outgoing OSC messages are printed in the log below.","When checked, outgoing OSC messages are printed in the log below.","When checked, outgoing OSC messages are printed in the log below.","When checked, outgoing OSC messages are printed in the log below.","When checked, outgoing OSC messages are printed in the log below.","When checked, outgoing OSC messages are printed in the log below.","When checked, outgoing OSC messages are printed in the log below."
"When checked, velocity / CC value must match exactly.","When checked, velocity / CC value must match exactly.","Ina tohua, me ōrite pū te uara tere / CC.","Si está marcado, la velocidad / valor CC debe coincidir exactamente.","Wenn aktiv, müssen Velocity-/CC-Werte exakt übereinstimmen.","Если включено, значение velocity / CC должно совпадать точно.",オンのときベロシティ / CC 値は完全一致が必要。,عند التحديد يجب أن تطابق قيمة السرعة / CC تماماً.,चेक हो तो वेलोसिटी / CC मान बिलकुल मेल खाना चाहिए।
When deleting:,When deleting:,Ina muku ana:,Al eliminar:,Beim Löschen:,При удалении:,削除時:,عند الحذف:,हटाते समय:
"When enabled and multiple cues are selected, shell and component inspector edits apply to every selected cue that has that field/component. When disabled, only the last-focused cue is edited.","When enabled and multiple cues are selected, shell and component inspector edits apply to every selected cue that has that field/component. When disabled, only the last-focused cue is edited.","When enabled and multiple cues are selected, shell and component inspector edits apply to every selected cue that has that field/component. When disabled, only the last-focused cue is edited.","When enabled and multiple cues are selected, shell and component inspector edits apply to every selected cue that has that field/component. When disabled, only the last-focused cue is edited.","When enabled and multiple cues are selected, shell and component inspector edits apply to every selected cue that has that field/component. When disabled, only the last-focused cue is edited.","When enabled and multiple cues are selected, shell and component inspector edits apply to every selected cue that has that field/component. When disabled, only the last-focused cue is edited.","When enabled and multiple cues are selected, shell and component inspector edits apply to every selected cue that has that field/component. When disabled, only the last-focused cue is edited.","When enabled and multiple cues are selected, shell and component inspector edits apply to every selected cue that has that field/component. When disabled, only the last-focused cue is edited.","When enabled and multiple cues are selected, shell and component inspector edits apply to every selected cue that has that field/component. When disabled, only the last-focused cue is edited."
"When enabled, changing width or height updates the other to preserve aspect ratio.","When enabled, changing width or height updates the other to preserve aspect ratio.","When enabled, changing width or height updates the other to preserve aspect ratio.","When enabled, changing width or height updates the other to preserve aspect ratio.","When enabled, changing width or height updates the other to preserve aspect ratio.","When enabled, changing width or height updates the other to preserve aspect ratio.","When enabled, changing width or height updates the other to preserve aspect ratio.","When enabled, changing width or height updates the other to preserve aspect ratio.","When enabled, changing width or height updates the other to preserve aspect ratio."
"When enabled, newly created cues (Add Cue or media drop) become the selection. When disabled, selection is left unchanged.","When enabled, newly created cues (Add Cue or media drop) become the selection. When disabled, selection is left unchanged.","When enabled, newly created cues (Add Cue or media drop) become the selection. When disabled, selection is left unchanged.","When enabled, newly created cues (Add Cue or media drop) become the selection. When disabled, selection is left unchanged.","When enabled, newly created cues (Add Cue or media drop) become the selection. When disabled, selection is left unchanged.","When enabled, newly created cues (Add Cue or media drop) become the selection. When disabled, selection is left unchanged.","When enabled, newly created cues (Add Cue or media drop) become the selection. When disabled, selection is left unchanged.","When enabled, newly created cues (Add Cue or media drop) become the selection. When disabled, selection is left unchanged.","When enabled, newly created cues (Add Cue or media drop) become the selection. When disabled, selection is left unchanged."
"When enabled, the cuelist shell shows notes instead of number, name, and wait/duration fields.","When enabled, the cuelist shell shows notes instead of number, name, and wait/duration fields.","Ina whakahohea, ka whakaatu te anga rārangi tohu i ngā tuhipoka, tēnā i te tau, ingoa, me ngā āpure tatari/roanga.","Si está activo, la cáscara de la lista muestra notas en vez de número, nombre y esperas/duración.","Wenn aktiv, zeigt die Cuelisten-Hülle Notizen statt Nummer, Name und Warte-/Dauerfelder.","Если включено, оболочка списка показывает заметки вместо номера, имени и полей пауз.",オンだとキューリストシェルは番号・名前・待機/長さの代わりにメモを表示。,عند التمكين يعرض غلاف القائمة الملاحظات بدل الرقم والاسم وحقول الانتظار/المدة.,"सक्षम होने पर क्यू सूची शेल नंबर, नाम और प्रतीक्षा/अवधि की जगह नोट्स दिखाता है।"
"When enabled, the cue’s Text component shows this file’s closed captions during playback. ","When enabled, the cue’s Text component shows this file’s closed captions during playback. ","When enabled, the cue’s Text component shows this file’s closed captions during playback. ","When enabled, the cue’s Text component shows this file’s closed captions during playback. ","When enabled, the cue’s Text component shows this file’s closed captions during playback. ","When enabled, the cue’s Text component shows this file’s closed captions during playback. ","When enabled, the cue’s Text component shows this file’s closed captions during playback. ","When enabled, the cue’s Text component shows this file’s closed captions during playback. ","When enabled, the cue’s Text component shows this file’s closed captions during playback. "
"When enabled, the Timeline Inspector draws audio waveforms inside cue bars when peak data is available.","When enabled, the Timeline Inspector draws audio waveforms inside cue bars when peak data is available.","When enabled, the Timeline Inspector draws audio waveforms inside cue bars when peak data is available.","When enabled, the Timeline Inspector draws audio waveforms inside cue bars when peak data is available.","When enabled, the Timeline Inspector draws audio waveforms inside cue bars when peak data is available.","When enabled, the Timeline Inspector draws audio waveforms inside cue bars when peak data is available.","When enabled, the Timeline Inspector draws audio waveforms inside cue bars when peak data is available.","When enabled, the Timeline Inspector draws audio waveforms inside cue bars when peak data is available.","When enabled, the Timeline Inspector draws audio waveforms inside cue bars when peak data is available."
"When enabled, used media files are copied into Audio/Video/Images folders inside the show directory so the show is portable between machines. Saved with this showfile.","When enabled, used media files are copied into Audio/Video/Images folders inside the show directory so the show is portable between machines. Saved with this showfile.","When enabled, used media files are copied into Audio/Video/Images folders inside the show directory so the show is portable between machines. Saved with this showfile.","When enabled, used media files are copied into Audio/Video/Images folders inside the show directory so the show is portable between machines. Saved with this showfile.","When enabled, used media files are copied into Audio/Video/Images folders inside the show directory so the show is portable between machines. Saved with this showfile.","When enabled, used media files are copied into Audio/Video/Images folders inside the show directory so the show is portable between machines. Saved with this showfile.","When enabled, used media files are copied into Audio/Video/Images folders inside the show directory so the show is portable between machines. Saved with this showfile.","When enabled, used media files are copied into Audio/Video/Images folders inside the show directory so the show is portable between machines. Saved with this showfile.","When enabled, used media files are copied into Audio/Video/Images folders inside the show directory so the show is portable between machines. Saved with this showfile."
"When loading, copy packaged media into the current show folder (if media backup allows).","When loading, copy packaged media into the current show folder (if media backup allows).","Ina uta ana, tārua ngā pāpāho kua kōpaki ki te kōpaki whakaaturanga o nāianei (mēnā e āhei ana te pūrua pāpāho).","Al cargar, copiar los medios empaquetados a la carpeta del show actual (si el respaldo de medios lo permite).",Beim Laden paketierte Medien in den aktuellen Show-Ordner kopieren (wenn Medien-Backup es erlaubt).,При загрузке копировать упакованные медиа в папку текущего шоу (если разрешён бэкап медиа).,読み込み時、パッケージ済みメディアを現在のショーフォルダへコピー（メディアバックアップが許可する場合）。,عند التحميل انسخ الوسائط المعبأة إلى مجلد العرض الحالي (إن سمح النسخ الاحتياطي).,लोड करते समय पैकेज्ड मीडिया को वर्तमान शो फ़ोल्डर में कॉपी करें (यदि मीडिया बैकअप अनुमति दे)।
"When locked, Translate Layer control cues cannot move or resize this layer","When locked, Translate Layer control cues cannot move or resize this layer","When locked, Translate Layer control cues cannot move or resize this layer","When locked, Translate Layer control cues cannot move or resize this layer","When locked, Translate Layer control cues cannot move or resize this layer","When locked, Translate Layer control cues cannot move or resize this layer","When locked, Translate Layer control cues cannot move or resize this layer","When locked, Translate Layer control cues cannot move or resize this layer","When locked, Translate Layer control cues cannot move or resize this layer"
"When off (disarmed), GO does not play the cue and advances instead.","When off (disarmed), GO does not play the cue and advances instead.","When off (disarmed), GO does not play the cue and advances instead.","When off (disarmed), GO does not play the cue and advances instead.","When off (disarmed), GO does not play the cue and advances instead.","When off (disarmed), GO does not play the cue and advances instead.","When off (disarmed), GO does not play the cue and advances instead.","When off (disarmed), GO does not play the cue and advances instead.","When off (disarmed), GO does not play the cue and advances instead."
"When on, a new GO hard-stops any existing instance of this cue before starting another. When off (default), multiple concurrent instances are allowed.","When on, a new GO hard-stops any existing instance of this cue before starting another. When off (default), multiple concurrent instances are allowed.","Ina hohe, ka tū-pākaha te HAERE hou i ngā tūnga o tēnei tohu i mua i tētahi anō. Ina weto (taunoa), ka āhei ngā tūnga maha i te wā kotahi.","Si está on, un GO nuevo detiene en seco cualquier instancia de esta cue antes de empezar otra. Si está off (predeterminado), se permiten varias a la vez.","Wenn an, beendet ein neues GO jede laufende Instanz dieses Cues hart, bevor eine neue startet. Aus (Standard) erlaubt mehrere gleichzeitige Instanzen.","Если включено, новый GO жёстко останавливает существующий экземпляр этой реплики перед новым стартом. Выкл. (по умолчанию) — несколько одновременных экземпляров.",オンだと新しい GO は既存インスタンスをハードストップしてから開始。オフ（既定）は同時複数インスタンスを許可。,عند التشغيل يوقف GO جديد أي نسخة قائمة من هذه الإشارة فوراً قبل بدء أخرى. عند الإيقاف (الافتراضي) يُسمح بنسخ متزامنة متعددة.,ऑन हो तो नया GO मौजूदा इंस्टेंस को हार्ड-स्टॉप कर फिर शुरू करता है। बंद (डिफ़ॉल्ट) पर एक साथ कई इंस्टेंस चल सकते हैं।
"When on, new audio components loop indefinitely (overrides play count).","When on, new audio components loop indefinitely (overrides play count).","When on, new audio components loop indefinitely (overrides play count).","When on, new audio components loop indefinitely (overrides play count).","When on, new audio components loop indefinitely (overrides play count).","When on, new audio components loop indefinitely (overrides play count).","When on, new audio components loop indefinitely (overrides play count).","When on, new audio components loop indefinitely (overrides play count).","When on, new audio components loop indefinitely (overrides play count)."
"When on, new text components draw a solid panel behind the text.","When on, new text components draw a solid panel behind the text.","When on, new text components draw a solid panel behind the text.","When on, new text components draw a solid panel behind the text.","When on, new text components draw a solid panel behind the text.","When on, new text components draw a solid panel behind the text.","When on, new text components draw a solid panel behind the text.","When on, new text components draw a solid panel behind the text.","When on, new text components draw a solid panel behind the text."
"When on, new text components interpret content as BBCode.","When on, new text components interpret content as BBCode.","When on, new text components interpret content as BBCode.","When on, new text components interpret content as BBCode.","When on, new text components interpret content as BBCode.","When on, new text components interpret content as BBCode.","When on, new text components interpret content as BBCode.","When on, new text components interpret content as BBCode.","When on, new text components interpret content as BBCode."
"When on, new video components enable embedded audio if the file has any. Still images always ignore this.","When on, new video components enable embedded audio if the file has any. Still images always ignore this.","When on, new video components enable embedded audio if the file has any. Still images always ignore this.","When on, new video components enable embedded audio if the file has any. Still images always ignore this.","When on, new video components enable embedded audio if the file has any. Still images always ignore this.","When on, new video components enable embedded audio if the file has any. Still images always ignore this.","When on, new video components enable embedded audio if the file has any. Still images always ignore this.","When on, new video components enable embedded audio if the file has any. Still images always ignore this.","When on, new video components enable embedded audio if the file has any. Still images always ignore this."
"When on, new video components loop indefinitely (overrides play count).","When on, new video components loop indefinitely (overrides play count).","When on, new video components loop indefinitely (overrides play count).","When on, new video components loop indefinitely (overrides play count).","When on, new video components loop indefinitely (overrides play count).","When on, new video components loop indefinitely (overrides play count).","When on, new video components loop indefinitely (overrides play count).","When on, new video components loop indefinitely (overrides play count).","When on, new video components loop indefinitely (overrides play count)."
"When on, text wraps within the layer width.","When on, text wraps within the layer width.","When on, text wraps within the layer width.","When on, text wraps within the layer width.","When on, text wraps within the layer width.","When on, text wraps within the layer width.","When on, text wraps within the layer width.","When on, text wraps within the layer width.","When on, text wraps within the layer width."
"When unchecked (disarmed), GO does not play this cue and advances to the next cue instead.","When unchecked (disarmed), GO does not play this cue and advances to the next cue instead.","Ina kāore i tohua (kua wetea te pū), kāore te HAERE e purei i tēnei tohu, engari ka neke ki te tohu panuku.","Si está desmarcado (desarmado), GO no reproduce esta cue y pasa a la siguiente.","Wenn deaktiviert (unscharf), spielt GO diesen Cue nicht und springt zum nächsten.","Если снято (обезврежено), GO не играет эту реплику и переходит к следующей.",オフ（ディスアーム）だと GO はこのキューを再生せず次へ進みます。,عند إلغاء التحديد (نزع التسليح) لا يشغّل GO هذه الإشارة وينتقل إلى التالية.,अनचेक (डिस्आर्म्ड) हो तो GO यह क्यू नहीं चलाता और अगले पर बढ़ता है।
Where,Where,Kei hea,Dónde,Wohin,Куда,場所,أين,कहाँ
Which OSC connection receives the test message.,Which OSC connection receives the test message.,Which OSC connection receives the test message.,Which OSC connection receives the test message.,Which OSC connection receives the test message.,Which OSC connection receives the test message.,Which OSC connection receives the test message.,Which OSC connection receives the test message.,Which OSC connection receives the test message.
Which single property this fade controls.,Which single property this fade controls.,Ko tēhea āhuatanga kotahi e whakahaerehia ana e tēnei memeha.,Qué única propiedad controla este fundido.,Welche einzelne Eigenschaft diese Überblendung steuert.,Какое одно свойство управляет этим фейдом.,このフェードが制御する単一プロパティ。,أي خاصية واحدة يتحكم فيها هذا التدرج.,यह फ़ेड किस एक गुण को नियंत्रित करता है।
Wi-fi,Wi-fi,Wi-fi,Wi-Fi,WLAN,Wi-Fi,Wi-Fi,واي فاي,वाई-फ़ाई
Wi-fi ands ethernet config,Wi-fi ands ethernet config,Wi-fi ands ethernet config,Wi-fi ands ethernet config,Wi-fi ands ethernet config,Wi-fi ands ethernet config,Wi-fi ands ethernet config,Wi-fi ands ethernet config,Wi-fi ands ethernet config
Width,Width,Whānui,Ancho,Breite,Ширина,幅,العرض,चौड़ाई
Width:,Width:,Whānui:,Ancho:,Breite:,Ширина:,幅:,العرض:,चौड़ाई:
Window Position,Window Position,Tūnga matapihi,Posición de ventana,Fensterposition,Положение окна,ウィンドウ位置,موضع النافذة,विंडो स्थिति
Windows,Windows,Ngā matapihi,Ventanas,Fenster,Окна,ウィンドウ,النوافذ,विंडो
Working set: {0} MB,Working set: {0} MB,Huinga mahi: {0} MB,Conjunto de trabajo: {0} MB,Working Set: {0} MB,Рабочий набор: {0} МБ,ワーキングセット: {0} MB,مجموعة العمل: {0} م.ब,वर्किंग सेट: {0} MB
Wrap,Wrap,Takahuri,Ajustar,Umbrechen,Перенос,折り返し,التفاف,रैप
Wrap all files inside one new Group cue,Wrap all files inside one new Group cue,Takahuria ngā kōnae katoa ki roto i tētahi tohu rōpū hou,Envolver todos los archivos en una cue de grupo nueva,Alle Dateien in einem neuen Gruppen-Cue zusammenfassen,Все файлы в одну новую групповую реплику,すべてのファイルを 1 つの新しいグループキューにまとめる,لفّ كل الملفات داخل إشارة مجموعة جديدة,सभी फ़ाइलों को एक नए समूह क्यू में लपेटें
X:,X:,X:,X:,X:,X:,X:,X:,X:
Xport,Xport,Xport,Xport,Xport,Xport,Xport,Xport,Xport
Y:,Y:,Y:,Y:,Y:,Y:,Y:,Y:,Y:
Zoom %,Zoom %,Topa %,Zoom %,Zoom %,Масштаб %,ズーム %,التكبير ٪,ज़ूम %
Zoom in,Zoom in,Topa mai,Acercar,Vergrößern,Приблизить,ズームイン,تكبير,ज़ूम इन
Zoom out,Zoom out,Topa atu,Alejar,Verkleinern,Отдалить,ズームアウト,تصغير,ज़ूम आउट
Zoom waveform (1× = full file),Zoom waveform (1× = full file),Zoom waveform (1× = full file),Zoom waveform (1× = full file),Zoom waveform (1× = full file),Zoom waveform (1× = full file),Zoom waveform (1× = full file),Zoom waveform (1× = full file),Zoom waveform (1× = full file)
{0} commands,{0} commands,Ngā whakahau {0},Comandos de {0},{0}-Befehle,Команды: {0},{0} のコマンド,أوامر {0},{0} कमांड
{0} Files Dropped,{0} Files Dropped,Ngā kōnae {0} i tukuna,{0} archivos soltados,{0} Dateien abgelegt,Сброшено файлов: {0},{0} ファイルをドロップ,تم إسقاط {0} ملفات,{0} फ़ाइलें ड्रॉप हुईं
{0} selected,{0} selected,{0} kua tīpakohia,{0} seleccionadas,{0} ausgewählt,Выбрано: {0},{0} 件選択,تم تحديد {0},{0} चयनित
{0} total cues,{0} total cues,{0} tohu katoa,{0} cues en total,{0} Cues insgesamt,Всего реплик: {0},キュー合計 {0},{0} إشارة إجمالاً,कुल {0} क्यू
{0} total cues in the show,{0} total cues in the show,{0} tohu katoa i te whakaaturanga,{0} cues en total en el show,{0} Cues in der Show,Всего реплик в шоу: {0},ショー内のキュー {0} 件,{0} إشارة في العرض,शो में कुल {0} क्यू
{0}% of total system capacity,{0}% of total system capacity,{0}% o te kaha pūnaha katoa,{0}% de la capacidad total del sistema,{0}% der gesamten Systemkapazität,{0}% от ёмкости системы,システム全体の {0}%,{0}٪ من سعة النظام,कुल सिस्टम क्षमता का {0}%
{0}: Currently disabled (enable to use in patch),{0}: Currently disabled (enable to use in patch),{0}: Kua monokia ināianei (whakahohea kia whakamahi i te pātene),{0}: ahora desactivado (actívalo para usarlo en el parche),"{0}: Derzeit deaktiviert (aktivieren, um im Patch zu nutzen)",{0}: Сейчас отключено (включите для использования в патче),{0}: 現在無効（パッチで使うには有効化）,{0}: معطّل حالياً (فعِّله لاستخدامه في التصحيح),{0}: अभी अक्षम (पैच में उपयोग के लिए सक्षम करें)
{0}: Is used in patch but is currently unavailable.,{0}: Is used in patch but is currently unavailable.,{0}: E whakamahia ana i te pātene ēngari kāore i te wātea ināianei.,{0}: se usa en el parche pero ahora no está disponible.,"{0}: Wird im Patch verwendet, ist aber derzeit nicht verfügbar.","{0}: Используется в патче, но сейчас недоступно.",{0}: パッチで使用されていますが、現在利用できません。,{0}: مستخدم في التصحيح لكنه غير متاح حالياً.,{0}: पैच में उपयोग होता है पर अभी अनुपलब्ध है।
↳,↳,↳,↳,↳,↳,↳,↳,↳
